date,region,product,direction,price_eur_mw_h,samples
2026-01-01,EE,aFRR,down,10.000416666666666,96
2026-01-01,EE,aFRR,up,9.762708333333334,96
2026-01-01,EE,mFRR,down,15.09145833333333,96
2026-01-01,EE,mFRR,up,4.965208333333333,96
2026-01-01,LT,aFRR,down,10.000416666666666,96
2026-01-01,LT,aFRR,up,9.762708333333334,96
2026-01-01,LT,mFRR,down,15.09145833333333,96
2026-01-01,LT,mFRR,up,6.548749999999999,96
2026-01-01,LV,aFRR,down,10.000416666666666,96
2026-01-01,LV,aFRR,up,9.762708333333334,96
2026-01-01,LV,mFRR,down,15.09145833333333,96
2026-01-01,LV,mFRR,up,6.548749999999999,96
2026-01-02,EE,aFRR,down,28.649999999999995,96
2026-01-02,EE,aFRR,up,29.632500000000004,96
2026-01-02,EE,mFRR,down,18.348333333333333,96
2026-01-02,EE,mFRR,up,29.78291666666666,96
2026-01-02,LT,aFRR,down,28.649999999999995,96
2026-01-02,LT,aFRR,up,3.191875,96
2026-01-02,LT,mFRR,down,18.348333333333333,96
2026-01-02,LT,mFRR,up,11.746249999999998,96
2026-01-02,LV,aFRR,down,28.649999999999995,96
2026-01-02,LV,aFRR,up,29.632500000000004,96
2026-01-02,LV,mFRR,down,18.348333333333333,96
2026-01-02,LV,mFRR,up,29.78291666666666,96
2026-01-03,EE,aFRR,down,74.07729166666667,96
2026-01-03,EE,aFRR,up,9.130104166666667,96
2026-01-03,EE,mFRR,down,13.866250000000004,96
2026-01-03,EE,mFRR,up,24.206770833333334,96
2026-01-03,LT,aFRR,down,74.07729166666667,96
2026-01-03,LT,aFRR,up,9.130104166666667,96
2026-01-03,LT,mFRR,down,13.866250000000004,96
2026-01-03,LT,mFRR,up,24.206770833333334,96
2026-01-03,LV,aFRR,down,74.07729166666667,96
2026-01-03,LV,aFRR,up,9.130104166666667,96
2026-01-03,LV,mFRR,down,13.866250000000004,96
2026-01-03,LV,mFRR,up,24.206770833333334,96
2026-01-04,EE,aFRR,down,10.000624999999998,96
2026-01-04,EE,aFRR,up,10.052395833333332,96
2026-01-04,EE,mFRR,down,21.08458333333333,96
2026-01-04,EE,mFRR,up,12.141041666666666,96
2026-01-04,LT,aFRR,down,10.000624999999998,96
2026-01-04,LT,aFRR,up,10.052395833333332,96
2026-01-04,LT,mFRR,down,21.08458333333333,96
2026-01-04,LT,mFRR,up,12.141041666666666,96
2026-01-04,LV,aFRR,down,10.000624999999998,96
2026-01-04,LV,aFRR,up,10.052395833333332,96
2026-01-04,LV,mFRR,down,21.08458333333333,96
2026-01-04,LV,mFRR,up,12.141041666666666,96
2026-01-05,EE,aFRR,down,1.093125,96
2026-01-05,EE,aFRR,up,11.740625,96
2026-01-05,EE,mFRR,down,9.462083333333336,96
2026-01-05,EE,mFRR,up,36.4465625,96
2026-01-05,LT,aFRR,down,1.093125,96
2026-01-05,LT,aFRR,up,32.554375,96
2026-01-05,LT,mFRR,down,9.462083333333336,96
2026-01-05,LT,mFRR,up,36.4465625,96
2026-01-05,LV,aFRR,down,1.093125,96
2026-01-05,LV,aFRR,up,32.554375,96
2026-01-05,LV,mFRR,down,9.462083333333336,96
2026-01-05,LV,mFRR,up,36.4465625,96
2026-01-06,EE,aFRR,down,28.38583333333333,96
2026-01-06,EE,aFRR,up,18.99083333333333,96
2026-01-06,EE,mFRR,down,15.499166666666667,96
2026-01-06,EE,mFRR,up,45.946875,96
2026-01-06,LT,aFRR,down,28.38583333333333,96
2026-01-06,LT,aFRR,up,18.99083333333333,96
2026-01-06,LT,mFRR,down,15.499166666666667,96
2026-01-06,LT,mFRR,up,45.946875,96
2026-01-06,LV,aFRR,down,28.38583333333333,96
2026-01-06,LV,aFRR,up,18.99083333333333,96
2026-01-06,LV,mFRR,down,15.499166666666667,96
2026-01-06,LV,mFRR,up,45.946875,96
2026-01-07,EE,aFRR,down,9.205208333333337,96
2026-01-07,EE,aFRR,up,15.695208333333332,96
2026-01-07,EE,mFRR,down,20.21541666666667,96
2026-01-07,EE,mFRR,up,22.199270833333333,96
2026-01-07,LT,aFRR,down,9.205208333333337,96
2026-01-07,LT,aFRR,up,41.0721875,96
2026-01-07,LT,mFRR,down,20.21541666666667,96
2026-01-07,LT,mFRR,up,24.721666666666668,96
2026-01-07,LV,aFRR,down,9.205208333333337,96
2026-01-07,LV,aFRR,up,41.0721875,96
2026-01-07,LV,mFRR,down,20.21541666666667,96
2026-01-07,LV,mFRR,up,24.721666666666668,96
2026-01-08,EE,aFRR,down,11.096145833333331,96
2026-01-08,EE,aFRR,up,58.86979166666666,96
2026-01-08,EE,mFRR,down,25.57583333333333,96
2026-01-08,EE,mFRR,up,71.6378125,96
2026-01-08,LT,aFRR,down,11.096145833333331,96
2026-01-08,LT,aFRR,up,84.46447916666666,96
2026-01-08,LT,mFRR,down,25.57583333333333,96
2026-01-08,LT,mFRR,up,74.64354166666668,96
2026-01-08,LV,aFRR,down,11.096145833333331,96
2026-01-08,LV,aFRR,up,84.46447916666666,96
2026-01-08,LV,mFRR,down,25.57583333333333,96
2026-01-08,LV,mFRR,up,74.64354166666668,96
2026-01-09,EE,aFRR,down,10.091041666666667,96
2026-01-09,EE,aFRR,up,1.93125,96
2026-01-09,EE,mFRR,down,20.50833333333333,96
2026-01-09,EE,mFRR,up,10.640416666666663,96
2026-01-09,LT,aFRR,down,10.091041666666667,96
2026-01-09,LT,aFRR,up,74.33375,96
2026-01-09,LT,mFRR,down,20.50833333333333,96
2026-01-09,LT,mFRR,up,10.867083333333332,96
2026-01-09,LV,aFRR,down,10.091041666666667,96
2026-01-09,LV,aFRR,up,74.33375,96
2026-01-09,LV,mFRR,down,20.50833333333333,96
2026-01-09,LV,mFRR,up,10.867083333333332,96
2026-01-10,EE,aFRR,down,126.55197916666668,96
2026-01-10,EE,aFRR,up,0.0095833333333333,96
2026-01-10,EE,mFRR,down,19.21,96
2026-01-10,EE,mFRR,up,10.90333333333333,96
2026-01-10,LT,aFRR,down,126.55197916666668,96
2026-01-10,LT,aFRR,up,0.5483333333333332,96
2026-01-10,LT,mFRR,down,19.21,96
2026-01-10,LT,mFRR,up,11.598333333333334,96
2026-01-10,LV,aFRR,down,126.55197916666668,96
2026-01-10,LV,aFRR,up,0.5483333333333332,96
2026-01-10,LV,mFRR,down,19.21,96
2026-01-10,LV,mFRR,up,11.598333333333334,96
2026-01-11,EE,aFRR,down,8.588333333333335,96
2026-01-11,EE,aFRR,up,59.88333333333333,96
2026-01-11,EE,mFRR,down,26.429166666666664,96
2026-01-11,EE,mFRR,up,17.385,96
2026-01-11,LT,aFRR,down,8.588333333333335,96
2026-01-11,LT,aFRR,up,59.88333333333333,96
2026-01-11,LT,mFRR,down,26.429166666666664,96
2026-01-11,LT,mFRR,up,17.385,96
2026-01-11,LV,aFRR,down,8.588333333333335,96
2026-01-11,LV,aFRR,up,59.88333333333333,96
2026-01-11,LV,mFRR,down,26.429166666666664,96
2026-01-11,LV,mFRR,up,17.385,96
2026-01-12,EE,aFRR,down,23.0475,96
2026-01-12,EE,aFRR,up,25.228229166666665,96
2026-01-12,EE,mFRR,down,24.97208333333333,96
2026-01-12,EE,mFRR,up,23.2834375,96
2026-01-12,LT,aFRR,down,23.0475,96
2026-01-12,LT,aFRR,up,25.49739583333333,96
2026-01-12,LT,mFRR,down,24.97208333333333,96
2026-01-12,LT,mFRR,up,23.2834375,96
2026-01-12,LV,aFRR,down,23.0475,96
2026-01-12,LV,aFRR,up,25.49739583333333,96
2026-01-12,LV,mFRR,down,24.97208333333333,96
2026-01-12,LV,mFRR,up,23.2834375,96
2026-01-13,EE,aFRR,down,26.33916666666666,96
2026-01-13,EE,aFRR,up,23.690416666666664,96
2026-01-13,EE,mFRR,down,28.53666666666666,96
2026-01-13,EE,mFRR,up,21.16708333333333,96
2026-01-13,LT,aFRR,down,26.33916666666666,96
2026-01-13,LT,aFRR,up,33.061249999999994,96
2026-01-13,LT,mFRR,down,28.416666666666668,96
2026-01-13,LT,mFRR,up,23.908125,96
2026-01-13,LV,aFRR,down,26.33916666666666,96
2026-01-13,LV,aFRR,up,33.061249999999994,96
2026-01-13,LV,mFRR,down,28.416666666666668,96
2026-01-13,LV,mFRR,up,23.908125,96
2026-01-14,EE,aFRR,down,0.55375,96
2026-01-14,EE,aFRR,up,1.65625,96
2026-01-14,EE,mFRR,down,14.0753125,96
2026-01-14,EE,mFRR,up,5.644895833333334,96
2026-01-14,LT,aFRR,down,0.0083333333333333,96
2026-01-14,LT,aFRR,up,34.53427083333334,96
2026-01-14,LT,mFRR,down,13.813229166666666,96
2026-01-14,LT,mFRR,up,7.169479166666666,96
2026-01-14,LV,aFRR,down,0.0083333333333333,96
2026-01-14,LV,aFRR,up,34.53427083333334,96
2026-01-14,LV,mFRR,down,13.813229166666666,96
2026-01-14,LV,mFRR,up,7.169479166666666,96
2026-01-15,EE,aFRR,down,7.705833333333334,96
2026-01-15,EE,aFRR,up,19.387916666666666,96
2026-01-15,EE,mFRR,down,13.714999999999998,96
2026-01-15,EE,mFRR,up,17.566354166666667,96
2026-01-15,LT,aFRR,down,7.705833333333334,96
2026-01-15,LT,aFRR,up,19.387916666666666,96
2026-01-15,LT,mFRR,down,13.714999999999998,96
2026-01-15,LT,mFRR,up,17.566354166666667,96
2026-01-15,LV,aFRR,down,7.705833333333334,96
2026-01-15,LV,aFRR,up,19.387916666666666,96
2026-01-15,LV,mFRR,down,13.714999999999998,96
2026-01-15,LV,mFRR,up,17.566354166666667,96
2026-01-16,EE,aFRR,down,0.0008333333333333,96
2026-01-16,EE,aFRR,up,15.239687500000002,96
2026-01-16,EE,mFRR,down,16.641666666666666,96
2026-01-16,EE,mFRR,up,19.847916666666663,96
2026-01-16,LT,aFRR,down,0.0008333333333333,96
2026-01-16,LT,aFRR,up,244.0925000000001,96
2026-01-16,LT,mFRR,down,16.641666666666666,96
2026-01-16,LT,mFRR,up,25.16072916666667,96
2026-01-16,LV,aFRR,down,0.0008333333333333,96
2026-01-16,LV,aFRR,up,244.0925000000001,96
2026-01-16,LV,mFRR,down,16.641666666666666,96
2026-01-16,LV,mFRR,up,25.16072916666667,96
2026-01-17,EE,aFRR,down,9.157395833333332,96
2026-01-17,EE,aFRR,up,59.565312500000005,96
2026-01-17,EE,mFRR,down,20.6859375,96
2026-01-17,EE,mFRR,up,9.328020833333332,96
2026-01-17,LT,aFRR,down,9.157395833333332,96
2026-01-17,LT,aFRR,up,60.465,96
2026-01-17,LT,mFRR,down,20.6859375,96
2026-01-17,LT,mFRR,up,10.7121875,96
2026-01-17,LV,aFRR,down,9.157395833333332,96
2026-01-17,LV,aFRR,up,60.465,96
2026-01-17,LV,mFRR,down,20.6859375,96
2026-01-17,LV,mFRR,up,10.7121875,96
2026-01-18,EE,aFRR,down,10.856458333333336,96
2026-01-18,EE,aFRR,up,16.345520833333335,96
2026-01-18,EE,mFRR,down,26.197916666666668,96
2026-01-18,EE,mFRR,up,16.1725,96
2026-01-18,LT,aFRR,down,10.856458333333336,96
2026-01-18,LT,aFRR,up,16.345520833333335,96
2026-01-18,LT,mFRR,down,26.197916666666668,96
2026-01-18,LT,mFRR,up,19.351770833333333,96
2026-01-18,LV,aFRR,down,10.856458333333336,96
2026-01-18,LV,aFRR,up,16.345520833333335,96
2026-01-18,LV,mFRR,down,26.197916666666668,96
2026-01-18,LV,mFRR,up,19.351770833333333,96
2026-01-19,EE,aFRR,down,0.029375,96
2026-01-19,EE,aFRR,up,15.000416666666668,96
2026-01-19,EE,mFRR,down,11.723333333333334,96
2026-01-19,EE,mFRR,up,15.243229166666666,96
2026-01-19,LT,aFRR,down,0.029375,96
2026-01-19,LT,aFRR,up,15.000416666666668,96
2026-01-19,LT,mFRR,down,11.723333333333334,96
2026-01-19,LT,mFRR,up,15.243229166666666,96
2026-01-19,LV,aFRR,down,0.029375,96
2026-01-19,LV,aFRR,up,15.000416666666668,96
2026-01-19,LV,mFRR,down,11.723333333333334,96
2026-01-19,LV,mFRR,up,15.243229166666666,96
2026-01-20,EE,aFRR,down,9.651666666666667,96
2026-01-20,EE,aFRR,up,29.8865625,96
2026-01-20,EE,mFRR,down,17.753854166666667,96
2026-01-20,EE,mFRR,up,17.78364583333333,96
2026-01-20,LT,aFRR,down,9.651666666666667,96
2026-01-20,LT,aFRR,up,67.71635416666668,96
2026-01-20,LT,mFRR,down,17.753854166666667,96
2026-01-20,LT,mFRR,up,18.5865625,96
2026-01-20,LV,aFRR,down,9.651666666666667,96
2026-01-20,LV,aFRR,up,67.71635416666668,96
2026-01-20,LV,mFRR,down,17.753854166666667,96
2026-01-20,LV,mFRR,up,18.5865625,96
2026-01-21,EE,aFRR,down,0.3670833333333332,96
2026-01-21,EE,aFRR,up,36.42375,96
2026-01-21,EE,mFRR,down,10.299791666666668,96
2026-01-21,EE,mFRR,up,11.949999999999998,96
2026-01-21,LT,aFRR,down,0.3670833333333332,96
2026-01-21,LT,aFRR,up,36.42375,96
2026-01-21,LT,mFRR,down,10.299791666666668,96
2026-01-21,LT,mFRR,up,11.949999999999998,96
2026-01-21,LV,aFRR,down,0.3670833333333332,96
2026-01-21,LV,aFRR,up,36.42375,96
2026-01-21,LV,mFRR,down,10.299791666666668,96
2026-01-21,LV,mFRR,up,11.949999999999998,96
2026-01-22,EE,aFRR,down,10.000104166666668,96
2026-01-22,EE,aFRR,up,25.359375,96
2026-01-22,EE,mFRR,down,14.259895833333331,96
2026-01-22,EE,mFRR,up,10.96375,96
2026-01-22,LT,aFRR,down,10.000104166666668,96
2026-01-22,LT,aFRR,up,25.359375,96
2026-01-22,LT,mFRR,down,14.259895833333331,96
2026-01-22,LT,mFRR,up,10.96375,96
2026-01-22,LV,aFRR,down,10.000104166666668,96
2026-01-22,LV,aFRR,up,25.359375,96
2026-01-22,LV,mFRR,down,14.259895833333331,96
2026-01-22,LV,mFRR,up,10.96375,96
2026-01-23,EE,aFRR,down,2.484583333333333,96
2026-01-23,EE,aFRR,up,148.62020833333332,96
2026-01-23,EE,mFRR,down,15.555,96
2026-01-23,EE,mFRR,up,19.799166666666668,96
2026-01-23,LT,aFRR,down,2.484583333333333,96
2026-01-23,LT,aFRR,up,148.62020833333332,96
2026-01-23,LT,mFRR,down,15.555,96
2026-01-23,LT,mFRR,up,19.799166666666668,96
2026-01-23,LV,aFRR,down,2.484583333333333,96
2026-01-23,LV,aFRR,up,148.62020833333332,96
2026-01-23,LV,mFRR,down,15.555,96
2026-01-23,LV,mFRR,up,19.799166666666668,96
2026-01-24,EE,aFRR,down,17.51572916666667,96
2026-01-24,EE,aFRR,up,80.06489583333332,96
2026-01-24,EE,mFRR,down,20.443124999999995,96
2026-01-24,EE,mFRR,up,6.203333333333333,96
2026-01-24,LT,aFRR,down,17.51572916666667,96
2026-01-24,LT,aFRR,up,80.06489583333332,96
2026-01-24,LT,mFRR,down,20.443124999999995,96
2026-01-24,LT,mFRR,up,6.203333333333333,96
2026-01-24,LV,aFRR,down,17.51572916666667,96
2026-01-24,LV,aFRR,up,80.06489583333332,96
2026-01-24,LV,mFRR,down,20.443124999999995,96
2026-01-24,LV,mFRR,up,6.203333333333333,96
2026-01-25,EE,aFRR,down,8.909375000000002,96
2026-01-25,EE,aFRR,up,60.63249999999997,96
2026-01-25,EE,mFRR,down,24.262708333333336,96
2026-01-25,EE,mFRR,up,10.544166666666666,96
2026-01-25,LT,aFRR,down,8.909375000000002,96
2026-01-25,LT,aFRR,up,60.63249999999997,96
2026-01-25,LT,mFRR,down,24.262708333333336,96
2026-01-25,LT,mFRR,up,10.544166666666666,96
2026-01-25,LV,aFRR,down,8.909375000000002,96
2026-01-25,LV,aFRR,up,60.63249999999997,96
2026-01-25,LV,mFRR,down,24.262708333333336,96
2026-01-25,LV,mFRR,up,10.544166666666666,96
2026-01-26,EE,aFRR,down,11.0909375,96
2026-01-26,EE,aFRR,up,52.32520833333333,96
2026-01-26,EE,mFRR,down,18.049687500000005,96
2026-01-26,EE,mFRR,up,21.52333333333333,96
2026-01-26,LT,aFRR,down,11.0909375,96
2026-01-26,LT,aFRR,up,52.32520833333333,96
2026-01-26,LT,mFRR,down,18.049687500000005,96
2026-01-26,LT,mFRR,up,21.52333333333333,96
2026-01-26,LV,aFRR,down,11.0909375,96
2026-01-26,LV,aFRR,up,52.32520833333333,96
2026-01-26,LV,mFRR,down,18.049687500000005,96
2026-01-26,LV,mFRR,up,21.52333333333333,96
2026-01-27,EE,aFRR,down,0.0133333333333333,96
2026-01-27,EE,aFRR,up,53.86677083333333,96
2026-01-27,EE,mFRR,down,10.807083333333331,96
2026-01-27,EE,mFRR,up,15.134791666666665,96
2026-01-27,LT,aFRR,down,0.0133333333333333,96
2026-01-27,LT,aFRR,up,53.86677083333333,96
2026-01-27,LT,mFRR,down,10.807083333333331,96
2026-01-27,LT,mFRR,up,15.134791666666665,96
2026-01-27,LV,aFRR,down,0.0133333333333333,96
2026-01-27,LV,aFRR,up,53.86677083333333,96
2026-01-27,LV,mFRR,down,10.807083333333331,96
2026-01-27,LV,mFRR,up,15.134791666666665,96
2026-01-28,EE,aFRR,down,9.627708333333333,96
2026-01-28,EE,aFRR,up,24.623125,96
2026-01-28,EE,mFRR,down,13.559999999999995,96
2026-01-28,EE,mFRR,up,18.19083333333333,96
2026-01-28,LT,aFRR,down,9.627708333333333,96
2026-01-28,LT,aFRR,up,24.623125,96
2026-01-28,LT,mFRR,down,13.559999999999995,96
2026-01-28,LT,mFRR,up,18.19083333333333,96
2026-01-28,LV,aFRR,down,9.627708333333333,96
2026-01-28,LV,aFRR,up,24.623125,96
2026-01-28,LV,mFRR,down,13.559999999999995,96
2026-01-28,LV,mFRR,up,18.19083333333333,96
2026-01-29,EE,aFRR,down,8.715104166666668,96
2026-01-29,EE,aFRR,up,79.02562499999999,96
2026-01-29,EE,mFRR,down,15.013020833333334,96
2026-01-29,EE,mFRR,up,69.8275,96
2026-01-29,LT,aFRR,down,8.715104166666668,96
2026-01-29,LT,aFRR,up,79.02562499999999,96
2026-01-29,LT,mFRR,down,15.013020833333334,96
2026-01-29,LT,mFRR,up,66.88458333333334,96
2026-01-29,LV,aFRR,down,8.715104166666668,96
2026-01-29,LV,aFRR,up,79.02562499999999,96
2026-01-29,LV,mFRR,down,15.013020833333334,96
2026-01-29,LV,mFRR,up,66.88458333333334,96
2026-01-30,EE,aFRR,down,0.0158333333333333,96
2026-01-30,EE,aFRR,up,75.08125,96
2026-01-30,EE,mFRR,down,14.466458333333335,96
2026-01-30,EE,mFRR,up,59.54041666666668,96
2026-01-30,LT,aFRR,down,0.0158333333333333,96
2026-01-30,LT,aFRR,up,75.08125,96
2026-01-30,LT,mFRR,down,14.466458333333335,96
2026-01-30,LT,mFRR,up,57.10374999999999,96
2026-01-30,LV,aFRR,down,0.0158333333333333,96
2026-01-30,LV,aFRR,up,75.08125,96
2026-01-30,LV,mFRR,down,14.466458333333335,96
2026-01-30,LV,mFRR,up,57.10374999999999,96
2026-01-31,EE,aFRR,down,0.0240624999999999,96
2026-01-31,EE,aFRR,up,98.28395833333332,96
2026-01-31,EE,mFRR,down,14.286666666666662,96
2026-01-31,EE,mFRR,up,8.9925,96
2026-01-31,LT,aFRR,down,0.0240624999999999,96
2026-01-31,LT,aFRR,up,98.28395833333332,96
2026-01-31,LT,mFRR,down,14.286666666666662,96
2026-01-31,LT,mFRR,up,8.397083333333333,96
2026-01-31,LV,aFRR,down,0.0240624999999999,96
2026-01-31,LV,aFRR,up,98.28395833333332,96
2026-01-31,LV,mFRR,down,14.286666666666662,96
2026-01-31,LV,mFRR,up,8.397083333333333,96
2026-02-01,EE,aFRR,down,122.03583333333334,96
2026-02-01,EE,aFRR,up,13.135416666666666,96
2026-02-01,EE,mFRR,down,40.23333333333333,96
2026-02-01,EE,mFRR,up,30.234895833333336,96
2026-02-01,LT,aFRR,down,122.03583333333334,96
2026-02-01,LT,aFRR,up,13.135416666666666,96
2026-02-01,LT,mFRR,down,40.23333333333333,96
2026-02-01,LT,mFRR,up,18.63291666666667,96
2026-02-01,LV,aFRR,down,122.03583333333334,96
2026-02-01,LV,aFRR,up,13.135416666666666,96
2026-02-01,LV,mFRR,down,40.23333333333333,96
2026-02-01,LV,mFRR,up,18.63291666666667,96
2026-02-02,EE,aFRR,down,15.494166666666665,96
2026-02-02,EE,aFRR,up,41.49458333333333,96
2026-02-02,EE,mFRR,down,28.6190625,96
2026-02-02,EE,mFRR,up,56.75031250000001,96
2026-02-02,LT,aFRR,down,15.494166666666665,96
2026-02-02,LT,aFRR,up,41.49458333333333,96
2026-02-02,LT,mFRR,down,28.6190625,96
2026-02-02,LT,mFRR,up,31.188645833333336,96
2026-02-02,LV,aFRR,down,15.494166666666665,96
2026-02-02,LV,aFRR,up,41.49458333333333,96
2026-02-02,LV,mFRR,down,28.6190625,96
2026-02-02,LV,mFRR,up,31.188645833333336,96
2026-02-03,EE,aFRR,down,8.014999999999999,96
2026-02-03,EE,aFRR,up,18.014479166666664,96
2026-02-03,EE,mFRR,down,16.2734375,96
2026-02-03,EE,mFRR,up,45.80645833333333,96
2026-02-03,LT,aFRR,down,8.014999999999999,96
2026-02-03,LT,aFRR,up,53.27885416666667,96
2026-02-03,LT,mFRR,down,16.2734375,96
2026-02-03,LT,mFRR,up,47.07927083333334,96
2026-02-03,LV,aFRR,down,8.014999999999999,96
2026-02-03,LV,aFRR,up,53.27885416666667,96
2026-02-03,LV,mFRR,down,16.2734375,96
2026-02-03,LV,mFRR,up,47.07927083333334,96
2026-02-04,EE,aFRR,down,10.42375,96
2026-02-04,EE,aFRR,up,51.96895833333334,96
2026-02-04,EE,mFRR,down,17.48625,96
2026-02-04,EE,mFRR,up,64.64260416666667,96
2026-02-04,LT,aFRR,down,10.42375,96
2026-02-04,LT,aFRR,up,51.96895833333334,96
2026-02-04,LT,mFRR,down,17.48625,96
2026-02-04,LT,mFRR,up,64.64260416666667,96
2026-02-04,LV,aFRR,down,10.42375,96
2026-02-04,LV,aFRR,up,51.96895833333334,96
2026-02-04,LV,mFRR,down,17.48625,96
2026-02-04,LV,mFRR,up,64.64260416666667,96
2026-02-05,EE,aFRR,down,10.000624999999998,96
2026-02-05,EE,aFRR,up,47.61593750000001,96
2026-02-05,EE,mFRR,down,10.230416666666668,96
2026-02-05,EE,mFRR,up,26.61625,96
2026-02-05,LT,aFRR,down,10.000624999999998,96
2026-02-05,LT,aFRR,up,47.61593750000001,96
2026-02-05,LT,mFRR,down,10.230416666666668,96
2026-02-05,LT,mFRR,up,26.61625,96
2026-02-05,LV,aFRR,down,10.000624999999998,96
2026-02-05,LV,aFRR,up,47.61593750000001,96
2026-02-05,LV,mFRR,down,10.230416666666668,96
2026-02-05,LV,mFRR,up,26.61625,96
2026-02-06,EE,aFRR,down,10.000104166666668,96
2026-02-06,EE,aFRR,up,126.99072916666668,96
2026-02-06,EE,mFRR,down,20.506041666666665,96
2026-02-06,EE,mFRR,up,38.59875,96
2026-02-06,LT,aFRR,down,10.000104166666668,96
2026-02-06,LT,aFRR,up,126.99072916666668,96
2026-02-06,LT,mFRR,down,20.506041666666665,96
2026-02-06,LT,mFRR,up,38.59875,96
2026-02-06,LV,aFRR,down,10.000104166666668,96
2026-02-06,LV,aFRR,up,126.99072916666668,96
2026-02-06,LV,mFRR,down,20.506041666666665,96
2026-02-06,LV,mFRR,up,38.59875,96
2026-02-07,EE,aFRR,down,9.760729166666668,96
2026-02-07,EE,aFRR,up,20.001666666666665,96
2026-02-07,EE,mFRR,down,23.919166666666666,96
2026-02-07,EE,mFRR,up,13.91583333333333,96
2026-02-07,LT,aFRR,down,9.760729166666668,96
2026-02-07,LT,aFRR,up,20.001666666666665,96
2026-02-07,LT,mFRR,down,23.919166666666666,96
2026-02-07,LT,mFRR,up,13.91583333333333,96
2026-02-07,LV,aFRR,down,9.760729166666668,96
2026-02-07,LV,aFRR,up,20.001666666666665,96
2026-02-07,LV,mFRR,down,23.919166666666666,96
2026-02-07,LV,mFRR,up,13.91583333333333,96
2026-02-08,EE,aFRR,down,2.9691666666666663,96
2026-02-08,EE,aFRR,up,109.02041666666666,96
2026-02-08,EE,mFRR,down,27.03958333333333,96
2026-02-08,EE,mFRR,up,20.644583333333333,96
2026-02-08,LT,aFRR,down,2.9691666666666663,96
2026-02-08,LT,aFRR,up,109.02041666666666,96
2026-02-08,LT,mFRR,down,27.03958333333333,96
2026-02-08,LT,mFRR,up,20.644583333333333,96
2026-02-08,LV,aFRR,down,2.9691666666666663,96
2026-02-08,LV,aFRR,up,109.02041666666666,96
2026-02-08,LV,mFRR,down,27.03958333333333,96
2026-02-08,LV,mFRR,up,20.644583333333333,96
2026-02-09,EE,aFRR,down,17.270208333333333,96
2026-02-09,EE,aFRR,up,35.5946875,96
2026-02-09,EE,mFRR,down,16.139583333333334,96
2026-02-09,EE,mFRR,up,35.61197916666667,96
2026-02-09,LT,aFRR,down,17.270208333333333,96
2026-02-09,LT,aFRR,up,35.5946875,96
2026-02-09,LT,mFRR,down,16.139583333333334,96
2026-02-09,LT,mFRR,up,35.61197916666667,96
2026-02-09,LV,aFRR,down,17.270208333333333,96
2026-02-09,LV,aFRR,up,35.5946875,96
2026-02-09,LV,mFRR,down,16.139583333333334,96
2026-02-09,LV,mFRR,up,35.61197916666667,96
2026-02-10,EE,aFRR,down,6.712499999999999,96
2026-02-10,EE,aFRR,up,70.90041666666666,96
2026-02-10,EE,mFRR,down,10.8703125,96
2026-02-10,EE,mFRR,up,72.95583333333333,96
2026-02-10,LT,aFRR,down,6.712499999999999,96
2026-02-10,LT,aFRR,up,70.90041666666666,96
2026-02-10,LT,mFRR,down,10.8703125,96
2026-02-10,LT,mFRR,up,72.95583333333333,96
2026-02-10,LV,aFRR,down,6.712499999999999,96
2026-02-10,LV,aFRR,up,70.90041666666666,96
2026-02-10,LV,mFRR,down,10.8703125,96
2026-02-10,LV,mFRR,up,72.95583333333333,96
2026-02-11,EE,aFRR,down,13.0221875,96
2026-02-11,EE,aFRR,up,42.83020833333334,96
2026-02-11,EE,mFRR,down,18.92625,96
2026-02-11,EE,mFRR,up,96.32270833333332,96
2026-02-11,LT,aFRR,down,13.0221875,96
2026-02-11,LT,aFRR,up,77.19166666666666,96
2026-02-11,LT,mFRR,down,18.92625,96
2026-02-11,LT,mFRR,up,102.40895833333336,96
2026-02-11,LV,aFRR,down,13.0221875,96
2026-02-11,LV,aFRR,up,77.19166666666666,96
2026-02-11,LV,mFRR,down,18.92625,96
2026-02-11,LV,mFRR,up,102.40895833333336,96
2026-02-12,EE,aFRR,down,9.18375,96
2026-02-12,EE,aFRR,up,60.73989583333334,96
2026-02-12,EE,mFRR,down,16.995416666666667,96
2026-02-12,EE,mFRR,up,82.89281249999999,96
2026-02-12,LT,aFRR,down,9.18375,96
2026-02-12,LT,aFRR,up,61.62760416666666,96
2026-02-12,LT,mFRR,down,16.995416666666667,96
2026-02-12,LT,mFRR,up,83.93447916666666,96
2026-02-12,LV,aFRR,down,9.18375,96
2026-02-12,LV,aFRR,up,61.62760416666666,96
2026-02-12,LV,mFRR,down,16.995416666666667,96
2026-02-12,LV,mFRR,up,83.93447916666666,96
2026-02-13,EE,aFRR,down,3.220625,96
2026-02-13,EE,aFRR,up,0.4629166666666666,96
2026-02-13,EE,mFRR,down,10.4771875,96
2026-02-13,EE,mFRR,up,10.780416666666666,96
2026-02-13,LT,aFRR,down,3.220625,96
2026-02-13,LT,aFRR,up,0.4629166666666666,96
2026-02-13,LT,mFRR,down,10.4771875,96
2026-02-13,LT,mFRR,up,10.780416666666666,96
2026-02-13,LV,aFRR,down,3.220625,96
2026-02-13,LV,aFRR,up,0.4629166666666666,96
2026-02-13,LV,mFRR,down,10.4771875,96
2026-02-13,LV,mFRR,up,10.780416666666666,96
2026-02-14,EE,aFRR,down,10.291458333333331,96
2026-02-14,EE,aFRR,up,1.38875,96
2026-02-14,EE,mFRR,down,12.944583333333332,96
2026-02-14,EE,mFRR,up,5.681250000000001,96
2026-02-14,LT,aFRR,down,10.291458333333331,96
2026-02-14,LT,aFRR,up,1.38875,96
2026-02-14,LT,mFRR,down,12.944583333333332,96
2026-02-14,LT,mFRR,up,5.681250000000001,96
2026-02-14,LV,aFRR,down,10.291458333333331,96
2026-02-14,LV,aFRR,up,1.38875,96
2026-02-14,LV,mFRR,down,12.944583333333332,96
2026-02-14,LV,mFRR,up,5.681250000000001,96
2026-02-15,EE,aFRR,down,3.6366666666666654,96
2026-02-15,EE,aFRR,up,0.0,96
2026-02-15,EE,mFRR,down,14.878645833333335,96
2026-02-15,EE,mFRR,up,9.719583333333333,96
2026-02-15,LT,aFRR,down,3.6366666666666654,96
2026-02-15,LT,aFRR,up,0.0,96
2026-02-15,LT,mFRR,down,14.878645833333335,96
2026-02-15,LT,mFRR,up,9.719583333333333,96
2026-02-15,LV,aFRR,down,3.6366666666666654,96
2026-02-15,LV,aFRR,up,0.0,96
2026-02-15,LV,mFRR,down,14.878645833333335,96
2026-02-15,LV,mFRR,up,9.719583333333333,96
2026-02-16,EE,aFRR,down,10.499375000000002,96
2026-02-16,EE,aFRR,up,5.092083333333333,96
2026-02-16,EE,mFRR,down,22.699166666666667,96
2026-02-16,EE,mFRR,up,21.786666666666665,96
2026-02-16,LT,aFRR,down,10.499375000000002,96
2026-02-16,LT,aFRR,up,5.092083333333333,96
2026-02-16,LT,mFRR,down,22.699166666666667,96
2026-02-16,LT,mFRR,up,21.786666666666665,96
2026-02-16,LV,aFRR,down,10.499375000000002,96
2026-02-16,LV,aFRR,up,5.092083333333333,96
2026-02-16,LV,mFRR,down,22.699166666666667,96
2026-02-16,LV,mFRR,up,21.786666666666665,96
2026-02-17,EE,aFRR,down,1.1678125,96
2026-02-17,EE,aFRR,up,1.8516666666666663,96
2026-02-17,EE,mFRR,down,10.923333333333336,96
2026-02-17,EE,mFRR,up,16.547187500000003,96
2026-02-17,LT,aFRR,down,1.1678125,96
2026-02-17,LT,aFRR,up,1.8516666666666663,96
2026-02-17,LT,mFRR,down,10.923333333333336,96
2026-02-17,LT,mFRR,up,16.54041666666667,96
2026-02-17,LV,aFRR,down,1.1678125,96
2026-02-17,LV,aFRR,up,1.8516666666666663,96
2026-02-17,LV,mFRR,down,10.923333333333336,96
2026-02-17,LV,mFRR,up,16.54041666666667,96
2026-02-18,EE,aFRR,down,10.000625,96
2026-02-18,EE,aFRR,up,47.643437500000005,96
2026-02-18,EE,mFRR,down,16.067916666666665,96
2026-02-18,EE,mFRR,up,70.4290625,96
2026-02-18,LT,aFRR,down,10.000625,96
2026-02-18,LT,aFRR,up,47.643437500000005,96
2026-02-18,LT,mFRR,down,16.067916666666665,96
2026-02-18,LT,mFRR,up,70.4290625,96
2026-02-18,LV,aFRR,down,10.000625,96
2026-02-18,LV,aFRR,up,47.643437500000005,96
2026-02-18,LV,mFRR,down,16.067916666666665,96
2026-02-18,LV,mFRR,up,70.4290625,96
2026-02-19,EE,aFRR,down,9.763645833333332,96
2026-02-19,EE,aFRR,up,12.15354166666667,96
2026-02-19,EE,mFRR,down,15.1696875,96
2026-02-19,EE,mFRR,up,20.90125,96
2026-02-19,LT,aFRR,down,9.763645833333332,96
2026-02-19,LT,aFRR,up,24.473124999999992,96
2026-02-19,LT,mFRR,down,15.1696875,96
2026-02-19,LT,mFRR,up,20.9740625,96
2026-02-19,LV,aFRR,down,9.763645833333332,96
2026-02-19,LV,aFRR,up,24.473124999999992,96
2026-02-19,LV,mFRR,down,15.1696875,96
2026-02-19,LV,mFRR,up,20.9740625,96
2026-02-25,EE,aFRR,down,11.091770833333332,96
2026-02-25,EE,aFRR,up,104.9428125,96
2026-02-25,EE,mFRR,down,16.463541666666668,96
2026-02-25,EE,mFRR,up,79.39583333333333,96
2026-02-25,LT,aFRR,down,11.091770833333332,96
2026-02-25,LT,aFRR,up,104.9428125,96
2026-02-25,LT,mFRR,down,16.463541666666668,96
2026-02-25,LT,mFRR,up,79.39583333333333,96
2026-02-25,LV,aFRR,down,11.091770833333332,96
2026-02-25,LV,aFRR,up,104.9428125,96
2026-02-25,LV,mFRR,down,16.463541666666668,96
2026-02-25,LV,mFRR,up,79.39583333333333,96
2026-02-26,EE,aFRR,down,9.678958333333334,96
2026-02-26,EE,aFRR,up,1.97875,96
2026-02-26,EE,mFRR,down,11.5325,96
2026-02-26,EE,mFRR,up,5.455625000000001,96
2026-02-26,LT,aFRR,down,5.587083333333333,96
2026-02-26,LT,aFRR,up,1.97875,96
2026-02-26,LT,mFRR,down,11.5325,96
2026-02-26,LT,mFRR,up,6.034375000000002,96
2026-02-26,LV,aFRR,down,5.587083333333333,96
2026-02-26,LV,aFRR,up,1.97875,96
2026-02-26,LV,mFRR,down,11.5325,96
2026-02-26,LV,mFRR,up,6.034375000000002,96
2026-02-27,EE,aFRR,down,9.985625,96
2026-02-27,EE,aFRR,up,0.525,96
2026-02-27,EE,mFRR,down,13.418749999999998,96
2026-02-27,EE,mFRR,up,3.2460416666666667,96
2026-02-27,LT,aFRR,down,9.985625,96
2026-02-27,LT,aFRR,up,1.2333333333333334,96
2026-02-27,LT,mFRR,down,13.418749999999998,96
2026-02-27,LT,mFRR,up,5.044375,96
2026-02-27,LV,aFRR,down,9.985625,96
2026-02-27,LV,aFRR,up,1.2333333333333334,96
2026-02-27,LV,mFRR,down,13.418749999999998,96
2026-02-27,LV,mFRR,up,5.044375,96
2026-02-28,EE,aFRR,down,5.261979166666666,96
2026-02-28,EE,aFRR,up,10.563854166666667,96
2026-02-28,EE,mFRR,down,13.236354166666668,96
2026-02-28,EE,mFRR,up,13.735729166666667,96
2026-02-28,LT,aFRR,down,5.261979166666666,96
2026-02-28,LT,aFRR,up,41.10041666666668,96
2026-02-28,LT,mFRR,down,13.236354166666668,96
2026-02-28,LT,mFRR,up,13.842291666666668,96
2026-02-28,LV,aFRR,down,5.261979166666666,96
2026-02-28,LV,aFRR,up,41.10041666666668,96
2026-02-28,LV,mFRR,down,13.236354166666668,96
2026-02-28,LV,mFRR,up,13.842291666666668,96
2026-03-01,EE,aFRR,down,6.0793750000000015,96
2026-03-01,EE,aFRR,up,17.3775,96
2026-03-01,EE,mFRR,down,14.143854166666666,96
2026-03-01,EE,mFRR,up,17.999583333333334,96
2026-03-01,LT,aFRR,down,6.0793750000000015,96
2026-03-01,LT,aFRR,up,17.3775,96
2026-03-01,LT,mFRR,down,14.143854166666666,96
2026-03-01,LT,mFRR,up,17.999583333333334,96
2026-03-01,LV,aFRR,down,6.0793750000000015,96
2026-03-01,LV,aFRR,up,17.3775,96
2026-03-01,LV,mFRR,down,14.143854166666666,96
2026-03-01,LV,mFRR,up,17.999583333333334,96
2026-03-02,EE,aFRR,down,3.0023958333333334,96
2026-03-02,EE,aFRR,up,65.9275,96
2026-03-02,EE,mFRR,down,8.460312500000002,96
2026-03-02,EE,mFRR,up,24.859895833333336,96
2026-03-02,LT,aFRR,down,3.0023958333333334,96
2026-03-02,LT,aFRR,up,65.9275,96
2026-03-02,LT,mFRR,down,8.460312500000002,96
2026-03-02,LT,mFRR,up,32.9553125,96
2026-03-02,LV,aFRR,down,3.0023958333333334,96
2026-03-02,LV,aFRR,up,65.9275,96
2026-03-02,LV,mFRR,down,8.460312500000002,96
2026-03-02,LV,mFRR,up,32.9553125,96
2026-03-03,EE,aFRR,down,3.301979166666667,96
2026-03-03,EE,aFRR,up,11.702916666666669,96
2026-03-03,EE,mFRR,down,7.438854166666665,96
2026-03-03,EE,mFRR,up,27.77489583333333,96
2026-03-03,LT,aFRR,down,3.301979166666667,96
2026-03-03,LT,aFRR,up,11.702916666666669,96
2026-03-03,LT,mFRR,down,7.438854166666665,96
2026-03-03,LT,mFRR,up,27.77489583333333,96
2026-03-03,LV,aFRR,down,3.301979166666667,96
2026-03-03,LV,aFRR,up,11.702916666666669,96
2026-03-03,LV,mFRR,down,7.438854166666665,96
2026-03-03,LV,mFRR,up,27.77489583333333,96
2026-03-04,EE,aFRR,down,5.128229166666666,96
2026-03-04,EE,aFRR,up,10.0071875,96
2026-03-04,EE,mFRR,down,13.216458333333334,96
2026-03-04,EE,mFRR,up,12.45375,96
2026-03-04,LT,aFRR,down,5.128229166666666,96
2026-03-04,LT,aFRR,up,10.0071875,96
2026-03-04,LT,mFRR,down,13.216458333333334,96
2026-03-04,LT,mFRR,up,15.725625,96
2026-03-04,LV,aFRR,down,5.128229166666666,96
2026-03-04,LV,aFRR,up,10.0071875,96
2026-03-04,LV,mFRR,down,13.216458333333334,96
2026-03-04,LV,mFRR,up,15.725625,96
2026-03-05,EE,aFRR,down,12.6965625,96
2026-03-05,EE,aFRR,up,1.416875,96
2026-03-05,EE,mFRR,down,14.593645833333335,96
2026-03-05,EE,mFRR,up,0.2885416666666667,96
2026-03-05,LT,aFRR,down,11.46385416666667,96
2026-03-05,LT,aFRR,up,16.26229166666667,96
2026-03-05,LT,mFRR,down,14.168125000000003,96
2026-03-05,LT,mFRR,up,47.25697916666666,96
2026-03-05,LV,aFRR,down,11.46385416666667,96
2026-03-05,LV,aFRR,up,16.26229166666667,96
2026-03-05,LV,mFRR,down,14.168125000000003,96
2026-03-05,LV,mFRR,up,47.25697916666666,96
2026-03-06,EE,aFRR,down,60.80208333333334,96
2026-03-06,EE,aFRR,up,9.684166666666668,96
2026-03-06,EE,mFRR,down,22.56916666666667,96
2026-03-06,EE,mFRR,up,11.68,96
2026-03-06,LT,aFRR,down,60.80208333333334,96
2026-03-06,LT,aFRR,up,9.731979166666669,96
2026-03-06,LT,mFRR,down,22.56916666666667,96
2026-03-06,LT,mFRR,up,14.469166666666666,96
2026-03-06,LV,aFRR,down,60.80208333333334,96
2026-03-06,LV,aFRR,up,9.731979166666669,96
2026-03-06,LV,mFRR,down,22.56916666666667,96
2026-03-06,LV,mFRR,up,14.469166666666666,96
2026-03-07,EE,aFRR,down,7.298541666666668,96
2026-03-07,EE,aFRR,up,10.046770833333335,96
2026-03-07,EE,mFRR,down,20.460729166666667,96
2026-03-07,EE,mFRR,up,16.721666666666668,96
2026-03-07,LT,aFRR,down,7.298541666666668,96
2026-03-07,LT,aFRR,up,7.0934375,96
2026-03-07,LT,mFRR,down,20.460729166666667,96
2026-03-07,LT,mFRR,up,14.484791666666666,96
2026-03-07,LV,aFRR,down,7.298541666666668,96
2026-03-07,LV,aFRR,up,10.046770833333335,96
2026-03-07,LV,mFRR,down,20.460729166666667,96
2026-03-07,LV,mFRR,up,17.0378125,96
2026-03-08,EE,aFRR,down,65.99583333333334,96
2026-03-08,EE,aFRR,up,1.7321875,96
2026-03-08,EE,mFRR,down,33.0703125,96
2026-03-08,EE,mFRR,up,4.969374999999999,96
2026-03-08,LT,aFRR,down,64.75083333333333,96
2026-03-08,LT,aFRR,up,1.7321875,96
2026-03-08,LT,mFRR,down,23.92864583333333,96
2026-03-08,LT,mFRR,up,16.44791666666667,96
2026-03-08,LV,aFRR,down,64.75083333333333,96
2026-03-08,LV,aFRR,up,1.7321875,96
2026-03-08,LV,mFRR,down,23.92864583333333,96
2026-03-08,LV,mFRR,up,16.44791666666667,96
2026-03-09,EE,aFRR,down,10.000104166666668,96
2026-03-09,EE,aFRR,up,7.40125,96
2026-03-09,EE,mFRR,down,16.381249999999998,96
2026-03-09,EE,mFRR,up,5.159479166666667,96
2026-03-09,LT,aFRR,down,1.7497916666666669,96
2026-03-09,LT,aFRR,up,62.88927083333334,96
2026-03-09,LT,mFRR,down,12.422604166666668,96
2026-03-09,LT,mFRR,up,39.3346875,96
2026-03-09,LV,aFRR,down,1.7497916666666669,96
2026-03-09,LV,aFRR,up,62.88927083333334,96
2026-03-09,LV,mFRR,down,12.422604166666668,96
2026-03-09,LV,mFRR,up,39.3346875,96
2026-03-10,EE,aFRR,down,1.1866666666666663,96
2026-03-10,EE,aFRR,up,12.706458333333336,96
2026-03-10,EE,mFRR,down,9.817083333333334,96
2026-03-10,EE,mFRR,up,17.937708333333333,96
2026-03-10,LT,aFRR,down,1.1244791666666665,96
2026-03-10,LT,aFRR,up,5.939791666666667,96
2026-03-10,LT,mFRR,down,8.969687500000001,96
2026-03-10,LT,mFRR,up,28.946354166666666,96
2026-03-10,LV,aFRR,down,1.1244791666666665,96
2026-03-10,LV,aFRR,up,5.939791666666667,96
2026-03-10,LV,mFRR,down,8.969687500000001,96
2026-03-10,LV,mFRR,up,28.946354166666666,96
2026-03-13,EE,aFRR,down,5.017187500000001,96
2026-03-13,EE,aFRR,up,9.2603125,96
2026-03-13,EE,mFRR,down,16.502916666666664,96
2026-03-13,EE,mFRR,up,9.33,96
2026-03-13,LT,aFRR,down,5.017187500000001,96
2026-03-13,LT,aFRR,up,10.676979166666667,96
2026-03-13,LT,mFRR,down,16.502916666666664,96
2026-03-13,LT,mFRR,up,12.1546875,96
2026-03-13,LV,aFRR,down,5.017187500000001,96
2026-03-13,LV,aFRR,up,10.676979166666667,96
2026-03-13,LV,mFRR,down,16.502916666666664,96
2026-03-13,LV,mFRR,up,12.1546875,96
2026-03-14,EE,aFRR,down,62.096875,96
2026-03-14,EE,aFRR,up,5.364999999999999,96
2026-03-14,EE,mFRR,down,15.77791666666667,96
2026-03-14,EE,mFRR,up,53.71124999999999,96
2026-03-14,LT,aFRR,down,62.096875,96
2026-03-14,LT,aFRR,up,5.364999999999999,96
2026-03-14,LT,mFRR,down,15.77791666666667,96
2026-03-14,LT,mFRR,up,53.743749999999984,96
2026-03-14,LV,aFRR,down,62.096875,96
2026-03-14,LV,aFRR,up,5.364999999999999,96
2026-03-14,LV,mFRR,down,15.77791666666667,96
2026-03-14,LV,mFRR,up,53.743749999999984,96
2026-03-15,EE,aFRR,down,14.125,96
2026-03-15,EE,aFRR,up,0.0,96
2026-03-15,EE,mFRR,down,17.272916666666667,96
2026-03-15,EE,mFRR,up,10.389166666666666,96
2026-03-15,LT,aFRR,down,25.305208333333336,96
2026-03-15,LT,aFRR,up,0.0,96
2026-03-15,LT,mFRR,down,17.277083333333334,96
2026-03-15,LT,mFRR,up,9.7425,96
2026-03-15,LV,aFRR,down,25.305208333333336,96
2026-03-15,LV,aFRR,up,0.0,96
2026-03-15,LV,mFRR,down,17.277083333333334,96
2026-03-15,LV,mFRR,up,9.7425,96
2026-03-16,EE,aFRR,down,2.3648958333333336,96
2026-03-16,EE,aFRR,up,3.2281250000000004,96
2026-03-16,EE,mFRR,down,16.00114583333333,96
2026-03-16,EE,mFRR,up,7.299166666666667,96
2026-03-16,LT,aFRR,down,2.3648958333333336,96
2026-03-16,LT,aFRR,up,7.046875,96
2026-03-16,LT,mFRR,down,16.00114583333333,96
2026-03-16,LT,mFRR,up,14.332291666666668,96
2026-03-16,LV,aFRR,down,2.3648958333333336,96
2026-03-16,LV,aFRR,up,7.046875,96
2026-03-16,LV,mFRR,down,16.00114583333333,96
2026-03-16,LV,mFRR,up,14.332291666666668,96
2026-03-17,EE,aFRR,down,10.000520833333333,96
2026-03-17,EE,aFRR,up,3.2304166666666667,96
2026-03-17,EE,mFRR,down,15.71125,96
2026-03-17,EE,mFRR,up,10.903229166666668,96
2026-03-17,LT,aFRR,down,10.000520833333333,96
2026-03-17,LT,aFRR,up,8.335625,96
2026-03-17,LT,mFRR,down,15.71125,96
2026-03-17,LT,mFRR,up,14.791666666666666,96
2026-03-17,LV,aFRR,down,10.000520833333333,96
2026-03-17,LV,aFRR,up,8.335625,96
2026-03-17,LV,mFRR,down,15.71125,96
2026-03-17,LV,mFRR,up,14.791666666666666,96
2026-03-18,EE,aFRR,down,10.000208333333331,96
2026-03-18,EE,aFRR,up,0.0804166666666666,96
2026-03-18,EE,mFRR,down,26.492500000000003,96
2026-03-18,EE,mFRR,up,4.240833333333334,96
2026-03-18,LT,aFRR,down,10.000208333333331,96
2026-03-18,LT,aFRR,up,12.299166666666666,96
2026-03-18,LT,mFRR,down,26.492500000000003,96
2026-03-18,LT,mFRR,up,18.33395833333334,96
2026-03-18,LV,aFRR,down,10.000208333333331,96
2026-03-18,LV,aFRR,up,12.299166666666666,96
2026-03-18,LV,mFRR,down,26.492500000000003,96
2026-03-18,LV,mFRR,up,11.8175,96
2026-03-19,EE,aFRR,down,5.310625,96
2026-03-19,EE,aFRR,up,1.069583333333333,96
2026-03-19,EE,mFRR,down,16.0625,96
2026-03-19,EE,mFRR,up,6.88375,96
2026-03-19,LT,aFRR,down,5.310625,96
2026-03-19,LT,aFRR,up,7.965416666666666,96
2026-03-19,LT,mFRR,down,16.0625,96
2026-03-19,LT,mFRR,up,25.329166666666666,96
2026-03-19,LV,aFRR,down,5.310625,96
2026-03-19,LV,aFRR,up,7.965416666666666,96
2026-03-19,LV,mFRR,down,16.0625,96
2026-03-19,LV,mFRR,up,18.961875,96
2026-03-20,EE,aFRR,down,6.183333333333333,96
2026-03-20,EE,aFRR,up,4.898645833333333,96
2026-03-20,EE,mFRR,down,27.70927083333333,96
2026-03-20,EE,mFRR,up,16.8540625,96
2026-03-20,LT,aFRR,down,6.183333333333333,96
2026-03-20,LT,aFRR,up,6.075729166666666,96
2026-03-20,LT,mFRR,down,27.70927083333333,96
2026-03-20,LT,mFRR,up,33.6784375,96
2026-03-20,LV,aFRR,down,6.183333333333333,96
2026-03-20,LV,aFRR,up,6.075729166666666,96
2026-03-20,LV,mFRR,down,27.70927083333333,96
2026-03-20,LV,mFRR,up,18.8303125,96
2026-03-21,EE,aFRR,down,0.8167708333333333,96
2026-03-21,EE,aFRR,up,2.0479166666666666,96
2026-03-21,EE,mFRR,down,14.502395833333331,96
2026-03-21,EE,mFRR,up,4.94,96
2026-03-21,LT,aFRR,down,0.8167708333333333,96
2026-03-21,LT,aFRR,up,3.399270833333333,96
2026-03-21,LT,mFRR,down,14.502395833333331,96
2026-03-21,LT,mFRR,up,10.088333333333331,96
2026-03-21,LV,aFRR,down,0.8167708333333333,96
2026-03-21,LV,aFRR,up,3.399270833333333,96
2026-03-21,LV,mFRR,down,14.502395833333331,96
2026-03-21,LV,mFRR,up,9.2584375,96
2026-03-22,EE,aFRR,down,11.785312499999998,96
2026-03-22,EE,aFRR,up,0.4128124999999999,96
2026-03-22,EE,mFRR,down,23.925,96
2026-03-22,EE,mFRR,up,3.240416666666667,96
2026-03-22,LT,aFRR,down,11.785312499999998,96
2026-03-22,LT,aFRR,up,11.746145833333332,96
2026-03-22,LT,mFRR,down,23.925,96
2026-03-22,LT,mFRR,up,18.29083333333333,96
2026-03-22,LV,aFRR,down,11.785312499999998,96
2026-03-22,LV,aFRR,up,11.746145833333332,96
2026-03-22,LV,mFRR,down,23.925,96
2026-03-22,LV,mFRR,up,12.907083333333333,96
2026-03-23,EE,aFRR,down,10.3690625,96
2026-03-23,EE,aFRR,up,1.2820833333333332,96
2026-03-23,EE,mFRR,down,13.03614583333333,96
2026-03-23,EE,mFRR,up,5.676041666666667,96
2026-03-23,LT,aFRR,down,10.3690625,96
2026-03-23,LT,aFRR,up,29.125833333333333,96
2026-03-23,LT,mFRR,down,13.03614583333333,96
2026-03-23,LT,mFRR,up,38.19916666666666,96
2026-03-23,LV,aFRR,down,10.3690625,96
2026-03-23,LV,aFRR,up,29.125833333333333,96
2026-03-23,LV,mFRR,down,13.03614583333333,96
2026-03-23,LV,mFRR,up,24.81791666666666,96
2026-03-24,EE,aFRR,down,9.518958333333334,96
2026-03-24,EE,aFRR,up,0.2003125,96
2026-03-24,EE,mFRR,down,9.7525,96
2026-03-24,EE,mFRR,up,7.955208333333332,96
2026-03-24,LT,aFRR,down,2.9365624999999995,96
2026-03-24,LT,aFRR,up,2.616979166666667,96
2026-03-24,LT,mFRR,down,8.7590625,96
2026-03-24,LT,mFRR,up,30.47541666666666,96
2026-03-24,LV,aFRR,down,2.9365624999999995,96
2026-03-24,LV,aFRR,up,2.616979166666667,96
2026-03-24,LV,mFRR,down,8.988958333333334,96
2026-03-24,LV,mFRR,up,14.366666666666664,96
2026-03-25,EE,aFRR,down,0.48125,96
2026-03-25,EE,aFRR,up,0.7439583333333334,96
2026-03-25,EE,mFRR,down,3.13875,96
2026-03-25,EE,mFRR,up,5.3968750000000005,96
2026-03-25,LT,aFRR,down,0.0,96
2026-03-25,LT,aFRR,up,1.4243750000000002,96
2026-03-25,LT,mFRR,down,2.927083333333333,96
2026-03-25,LT,mFRR,up,9.502916666666666,96
2026-03-25,LV,aFRR,down,0.0,96
2026-03-25,LV,aFRR,up,1.4243750000000002,96
2026-03-25,LV,mFRR,down,3.0972916666666666,96
2026-03-25,LV,mFRR,up,5.478958333333334,96
2026-03-26,EE,aFRR,down,9.599375,96
2026-03-26,EE,aFRR,up,10.013125,96
2026-03-26,EE,mFRR,down,11.846354166666666,96
2026-03-26,EE,mFRR,up,11.5625,96
2026-03-26,LT,aFRR,down,9.599375,96
2026-03-26,LT,aFRR,up,0.5989583333333334,96
2026-03-26,LT,mFRR,down,11.846354166666666,96
2026-03-26,LT,mFRR,up,12.020416666666668,96
2026-03-26,LV,aFRR,down,9.599375,96
2026-03-26,LV,aFRR,up,0.5989583333333334,96
2026-03-26,LV,mFRR,down,11.846354166666666,96
2026-03-26,LV,mFRR,up,11.173229166666667,96
2026-03-27,EE,aFRR,down,10.233958333333334,96
2026-03-27,EE,aFRR,up,0.8111458333333333,96
2026-03-27,EE,mFRR,down,16.72760416666667,96
2026-03-27,EE,mFRR,up,5.757291666666667,96
2026-03-27,LT,aFRR,down,10.233958333333334,96
2026-03-27,LT,aFRR,up,0.8111458333333333,96
2026-03-27,LT,mFRR,down,16.72760416666667,96
2026-03-27,LT,mFRR,up,19.187916666666663,96
2026-03-27,LV,aFRR,down,10.233958333333334,96
2026-03-27,LV,aFRR,up,0.8111458333333333,96
2026-03-27,LV,mFRR,down,16.72760416666667,96
2026-03-27,LV,mFRR,up,7.064687500000001,96
2026-03-28,EE,aFRR,down,7.916770833333333,96
2026-03-28,EE,aFRR,up,0.3461458333333334,96
2026-03-28,EE,mFRR,down,16.188541666666666,96
2026-03-28,EE,mFRR,up,1.3320833333333333,96
2026-03-28,LT,aFRR,down,7.916770833333333,96
2026-03-28,LT,aFRR,up,11.671458333333334,96
2026-03-28,LT,mFRR,down,16.188541666666666,96
2026-03-28,LT,mFRR,up,14.068958333333333,96
2026-03-28,LV,aFRR,down,7.916770833333333,96
2026-03-28,LV,aFRR,up,11.671458333333334,96
2026-03-28,LV,mFRR,down,16.188541666666666,96
2026-03-28,LV,mFRR,up,8.580625,96
2026-03-29,EE,aFRR,down,6.039891304347826,92
2026-03-29,EE,aFRR,up,0.9472826086956524,92
2026-03-29,EE,mFRR,down,25.522608695652167,92
2026-03-29,EE,mFRR,up,10.793695652173913,92
2026-03-29,LT,aFRR,down,6.039891304347826,92
2026-03-29,LT,aFRR,up,0.9472826086956524,92
2026-03-29,LT,mFRR,down,25.522608695652167,92
2026-03-29,LT,mFRR,up,16.614347826086963,92
2026-03-29,LV,aFRR,down,6.039891304347826,92
2026-03-29,LV,aFRR,up,0.9472826086956524,92
2026-03-29,LV,mFRR,down,25.522608695652167,92
2026-03-29,LV,mFRR,up,11.139673913043476,92
2026-03-31,EE,aFRR,down,10.0,96
2026-03-31,EE,aFRR,up,0.581875,96
2026-03-31,EE,mFRR,down,22.205625,96
2026-03-31,EE,mFRR,up,21.410520833333333,96
2026-03-31,LT,aFRR,down,7.071249999999999,96
2026-03-31,LT,aFRR,up,0.581875,96
2026-03-31,LT,mFRR,down,22.205625,96
2026-03-31,LT,mFRR,up,27.42687500000001,96
2026-03-31,LV,aFRR,down,10.0,96
2026-03-31,LV,aFRR,up,0.581875,96
2026-03-31,LV,mFRR,down,22.205625,96
2026-03-31,LV,mFRR,up,21.410520833333333,96
2026-04-01,EE,aFRR,down,10.820520833333331,96
2026-04-01,EE,aFRR,up,1.01,96
2026-04-01,EE,mFRR,down,15.3525,96
2026-04-01,EE,mFRR,up,12.733645833333332,96
2026-04-01,LT,aFRR,down,10.820520833333331,96
2026-04-01,LT,aFRR,up,1.01,96
2026-04-01,LT,mFRR,down,15.3525,96
2026-04-01,LT,mFRR,up,14.39,96
2026-04-01,LV,aFRR,down,10.820520833333331,96
2026-04-01,LV,aFRR,up,1.01,96
2026-04-01,LV,mFRR,down,15.3525,96
2026-04-01,LV,mFRR,up,13.852604166666667,96
2026-04-02,EE,aFRR,down,1.0547916666666666,96
2026-04-02,EE,aFRR,up,0.4946874999999999,96
2026-04-02,EE,mFRR,down,13.625729166666666,96
2026-04-02,EE,mFRR,up,6.633020833333333,96
2026-04-02,LT,aFRR,down,1.0547916666666666,96
2026-04-02,LT,aFRR,up,2.3696875,96
2026-04-02,LT,mFRR,down,13.625729166666666,96
2026-04-02,LT,mFRR,up,33.91895833333333,96
2026-04-02,LV,aFRR,down,1.0547916666666666,96
2026-04-02,LV,aFRR,up,2.3696875,96
2026-04-02,LV,mFRR,down,13.625729166666666,96
2026-04-02,LV,mFRR,up,23.032291666666666,96
2026-04-03,EE,aFRR,down,14.198541666666666,96
2026-04-03,EE,aFRR,up,0.8878124999999999,96
2026-04-03,EE,mFRR,down,20.7840625,96
2026-04-03,EE,mFRR,up,9.118229166666666,96
2026-04-03,LT,aFRR,down,14.198541666666666,96
2026-04-03,LT,aFRR,up,0.8878124999999999,96
2026-04-03,LT,mFRR,down,20.7840625,96
2026-04-03,LT,mFRR,up,15.87635416666667,96
2026-04-03,LV,aFRR,down,14.198541666666666,96
2026-04-03,LV,aFRR,up,0.8878124999999999,96
2026-04-03,LV,mFRR,down,20.7840625,96
2026-04-03,LV,mFRR,up,9.118229166666666,96
2026-04-04,EE,aFRR,down,1.4532291666666666,96
2026-04-04,EE,aFRR,up,0.6151041666666667,96
2026-04-04,EE,mFRR,down,5.920625000000001,96
2026-04-04,EE,mFRR,up,2.8433333333333337,96
2026-04-04,LT,aFRR,down,1.4532291666666666,96
2026-04-04,LT,aFRR,up,0.5082291666666666,96
2026-04-04,LT,mFRR,down,5.920625000000001,96
2026-04-04,LT,mFRR,up,7.409687499999999,96
2026-04-04,LV,aFRR,down,1.4532291666666666,96
2026-04-04,LV,aFRR,up,0.5082291666666666,96
2026-04-04,LV,mFRR,down,5.920625000000001,96
2026-04-04,LV,mFRR,up,5.097604166666667,96
2026-04-05,EE,aFRR,down,5.1221875,96
2026-04-05,EE,aFRR,up,0.7044791666666667,96
2026-04-05,EE,mFRR,down,9.9421875,96
2026-04-05,EE,mFRR,up,3.709583333333333,96
2026-04-05,LT,aFRR,down,5.1221875,96
2026-04-05,LT,aFRR,up,0.6044791666666667,96
2026-04-05,LT,mFRR,down,9.9421875,96
2026-04-05,LT,mFRR,up,6.652083333333333,96
2026-04-05,LV,aFRR,down,5.1221875,96
2026-04-05,LV,aFRR,up,0.6044791666666667,96
2026-04-05,LV,mFRR,down,9.9421875,96
2026-04-05,LV,mFRR,up,5.530625,96
2026-04-06,EE,aFRR,down,0.0,96
2026-04-06,EE,aFRR,up,1.1124999999999998,96
2026-04-06,EE,mFRR,down,3.2861458333333338,96
2026-04-06,EE,mFRR,up,11.064479166666668,96
2026-04-06,LT,aFRR,down,0.0,96
2026-04-06,LT,aFRR,up,0.4498958333333333,96
2026-04-06,LT,mFRR,down,3.2861458333333338,96
2026-04-06,LT,mFRR,up,10.952083333333334,96
2026-04-06,LV,aFRR,down,0.0,96
2026-04-06,LV,aFRR,up,0.4498958333333333,96
2026-04-06,LV,mFRR,down,3.2861458333333338,96
2026-04-06,LV,mFRR,up,10.952083333333334,96
2026-04-07,EE,aFRR,down,0.4791666666666667,96
2026-04-07,EE,aFRR,up,0.8137500000000001,96
2026-04-07,EE,mFRR,down,4.788958333333333,96
2026-04-07,EE,mFRR,up,5.320104166666666,96
2026-04-07,LT,aFRR,down,0.4791666666666667,96
2026-04-07,LT,aFRR,up,0.793125,96
2026-04-07,LT,mFRR,down,4.788958333333333,96
2026-04-07,LT,mFRR,up,7.359583333333333,96
2026-04-07,LV,aFRR,down,0.4791666666666667,96
2026-04-07,LV,aFRR,up,0.793125,96
2026-04-07,LV,mFRR,down,4.788958333333333,96
2026-04-07,LV,mFRR,up,5.6015625,96
2026-04-08,EE,aFRR,down,0.0,96
2026-04-08,EE,aFRR,up,0.9876041666666668,96
2026-04-08,EE,mFRR,down,4.466875000000001,96
2026-04-08,EE,mFRR,up,7.057916666666666,96
2026-04-08,LT,aFRR,down,0.0,96
2026-04-08,LT,aFRR,up,0.8315625,96
2026-04-08,LT,mFRR,down,4.466875000000001,96
2026-04-08,LT,mFRR,up,7.375,96
2026-04-08,LV,aFRR,down,0.0,96
2026-04-08,LV,aFRR,up,0.8315625,96
2026-04-08,LV,mFRR,down,4.466875000000001,96
2026-04-08,LV,mFRR,up,7.375,96
2026-04-09,EE,aFRR,down,4.8890625000000005,96
2026-04-09,EE,aFRR,up,2.810208333333333,96
2026-04-09,EE,mFRR,down,7.750937500000002,96
2026-04-09,EE,mFRR,up,9.924895833333332,96
2026-04-09,LT,aFRR,down,4.8890625000000005,96
2026-04-09,LT,aFRR,up,0.8406250000000001,96
2026-04-09,LT,mFRR,down,8.097500000000002,96
2026-04-09,LT,mFRR,up,9.149270833333334,96
2026-04-09,LV,aFRR,down,4.8890625000000005,96
2026-04-09,LV,aFRR,up,0.8406250000000001,96
2026-04-09,LV,mFRR,down,8.097500000000002,96
2026-04-09,LV,mFRR,up,9.149270833333334,96
2026-04-10,EE,aFRR,down,7.5909375,96
2026-04-10,EE,aFRR,up,9.988854166666666,96
2026-04-10,EE,mFRR,down,13.946249999999996,96
2026-04-10,EE,mFRR,up,23.737916666666667,96
2026-04-10,LT,aFRR,down,8.363645833333333,96
2026-04-10,LT,aFRR,up,0.6419791666666667,96
2026-04-10,LT,mFRR,down,14.162499999999996,96
2026-04-10,LT,mFRR,up,12.875416666666666,96
2026-04-10,LV,aFRR,down,8.363645833333333,96
2026-04-10,LV,aFRR,up,0.6419791666666667,96
2026-04-10,LV,mFRR,down,14.162499999999996,96
2026-04-10,LV,mFRR,up,12.875416666666666,96
2026-04-11,EE,aFRR,down,6.422916666666667,96
2026-04-11,EE,aFRR,up,1.1128125,96
2026-04-11,EE,mFRR,down,13.781458333333331,96
2026-04-11,EE,mFRR,up,9.193645833333331,96
2026-04-11,LT,aFRR,down,10.4803125,96
2026-04-11,LT,aFRR,up,0.5105208333333334,96
2026-04-11,LT,mFRR,down,15.323125,96
2026-04-11,LT,mFRR,up,6.821666666666666,96
2026-04-11,LV,aFRR,down,10.4803125,96
2026-04-11,LV,aFRR,up,0.5105208333333334,96
2026-04-11,LV,mFRR,down,15.323125,96
2026-04-11,LV,mFRR,up,6.821666666666666,96
2026-04-12,EE,aFRR,down,10.628854166666668,96
2026-04-12,EE,aFRR,up,1.723854166666667,96
2026-04-12,EE,mFRR,down,25.9778125,96
2026-04-12,EE,mFRR,up,5.391666666666667,96
2026-04-12,LT,aFRR,down,13.231979166666669,96
2026-04-12,LT,aFRR,up,5.213020833333333,96
2026-04-12,LT,mFRR,down,26.96270833333333,96
2026-04-12,LT,mFRR,up,9.617916666666666,96
2026-04-12,LV,aFRR,down,13.231979166666669,96
2026-04-12,LV,aFRR,up,5.213020833333333,96
2026-04-12,LV,mFRR,down,26.96270833333333,96
2026-04-12,LV,mFRR,up,9.617916666666666,96
2026-04-13,EE,aFRR,down,2.2416666666666667,96
2026-04-13,EE,aFRR,up,4.1734375,96
2026-04-13,EE,mFRR,down,9.468333333333334,96
2026-04-13,EE,mFRR,up,14.519687500000002,96
2026-04-13,LT,aFRR,down,3.963020833333333,96
2026-04-13,LT,aFRR,up,1.5020833333333334,96
2026-04-13,LT,mFRR,down,10.723854166666667,96
2026-04-13,LT,mFRR,up,12.895208333333334,96
2026-04-13,LV,aFRR,down,3.963020833333333,96
2026-04-13,LV,aFRR,up,1.5020833333333334,96
2026-04-13,LV,mFRR,down,10.723854166666667,96
2026-04-13,LV,mFRR,up,12.895208333333334,96
2026-04-14,EE,aFRR,down,5.0003125,96
2026-04-14,EE,aFRR,up,8.893749999999999,96
2026-04-14,EE,mFRR,down,8.36875,96
2026-04-14,EE,mFRR,up,14.379791666666668,96
2026-04-14,LT,aFRR,down,5.0003125,96
2026-04-14,LT,aFRR,up,1.6794791666666666,96
2026-04-14,LT,mFRR,down,9.644166666666663,96
2026-04-14,LT,mFRR,up,6.922083333333333,96
2026-04-14,LV,aFRR,down,5.0003125,96
2026-04-14,LV,aFRR,up,1.6794791666666666,96
2026-04-14,LV,mFRR,down,9.644166666666663,96
2026-04-14,LV,mFRR,up,6.922083333333333,96
2026-04-15,EE,aFRR,down,5.002604166666667,96
2026-04-15,EE,aFRR,up,4.880624999999999,96
2026-04-15,EE,mFRR,down,8.511874999999998,96
2026-04-15,EE,mFRR,up,10.916979166666666,96
2026-04-15,LT,aFRR,down,7.113229166666667,96
2026-04-15,LT,aFRR,up,0.7964583333333333,96
2026-04-15,LT,mFRR,down,12.9625,96
2026-04-15,LT,mFRR,up,7.8203125,96
2026-04-15,LV,aFRR,down,7.113229166666667,96
2026-04-15,LV,aFRR,up,0.7964583333333333,96
2026-04-15,LV,mFRR,down,12.9625,96
2026-04-15,LV,mFRR,up,7.8203125,96
2026-04-16,EE,aFRR,down,8.452916666666667,96
2026-04-16,EE,aFRR,up,0.9820833333333332,96
2026-04-16,EE,mFRR,down,15.958958333333335,96
2026-04-16,EE,mFRR,up,6.649375,96
2026-04-16,LT,aFRR,down,8.485416666666666,96
2026-04-16,LT,aFRR,up,0.9583333333333334,96
2026-04-16,LT,mFRR,down,15.983229166666668,96
2026-04-16,LT,mFRR,up,9.768958333333334,96
2026-04-16,LV,aFRR,down,8.485416666666666,96
2026-04-16,LV,aFRR,up,0.9583333333333334,96
2026-04-16,LV,mFRR,down,15.983229166666668,96
2026-04-16,LV,mFRR,up,9.768958333333334,96
2026-04-17,EE,aFRR,down,5.548333333333335,96
2026-04-17,EE,aFRR,up,4.940833333333334,96
2026-04-17,EE,mFRR,down,8.873125000000002,96
2026-04-17,EE,mFRR,up,14.99125,96
2026-04-17,LT,aFRR,down,5.548333333333335,96
2026-04-17,LT,aFRR,up,6.412708333333334,96
2026-04-17,LT,mFRR,down,8.873125000000002,96
2026-04-17,LT,mFRR,up,16.934270833333333,96
2026-04-17,LV,aFRR,down,5.548333333333335,96
2026-04-17,LV,aFRR,up,6.412708333333334,96
2026-04-17,LV,mFRR,down,8.873125000000002,96
2026-04-17,LV,mFRR,up,16.934270833333333,96
2026-04-18,EE,aFRR,down,6.437083333333334,96
2026-04-18,EE,aFRR,up,3.0685416666666665,96
2026-04-18,EE,mFRR,down,11.966770833333332,96
2026-04-18,EE,mFRR,up,7.431562500000001,96
2026-04-18,LT,aFRR,down,6.437083333333334,96
2026-04-18,LT,aFRR,up,3.9216666666666655,96
2026-04-18,LT,mFRR,down,11.966770833333332,96
2026-04-18,LT,mFRR,up,7.890208333333334,96
2026-04-18,LV,aFRR,down,6.437083333333334,96
2026-04-18,LV,aFRR,up,3.9216666666666655,96
2026-04-18,LV,mFRR,down,11.966770833333332,96
2026-04-18,LV,mFRR,up,7.890208333333334,96
2026-04-19,EE,aFRR,down,5.674270833333334,96
2026-04-19,EE,aFRR,up,1.5221875,96
2026-04-19,EE,mFRR,down,9.016770833333334,96
2026-04-19,EE,mFRR,up,2.9088541666666665,96
2026-04-19,LT,aFRR,down,5.674270833333334,96
2026-04-19,LT,aFRR,up,7.447291666666666,96
2026-04-19,LT,mFRR,down,9.016770833333334,96
2026-04-19,LT,mFRR,up,11.149895833333334,96
2026-04-19,LV,aFRR,down,5.674270833333334,96
2026-04-19,LV,aFRR,up,7.447291666666666,96
2026-04-19,LV,mFRR,down,9.016770833333334,96
2026-04-19,LV,mFRR,up,11.078229166666668,96
2026-04-20,EE,aFRR,down,5.000520833333334,96
2026-04-20,EE,aFRR,up,1.9429166666666664,96
2026-04-20,EE,mFRR,down,7.203541666666666,96
2026-04-20,EE,mFRR,up,8.558854166666666,96
2026-04-20,LT,aFRR,down,5.000520833333334,96
2026-04-20,LT,aFRR,up,2.768333333333333,96
2026-04-20,LT,mFRR,down,7.203541666666666,96
2026-04-20,LT,mFRR,up,15.465833333333334,96
2026-04-20,LV,aFRR,down,5.000520833333334,96
2026-04-20,LV,aFRR,up,2.768333333333333,96
2026-04-20,LV,mFRR,down,7.203541666666666,96
2026-04-20,LV,mFRR,up,15.238229166666663,96
2026-04-21,EE,aFRR,down,5.2703125,96
2026-04-21,EE,aFRR,up,2.3000000000000003,96
2026-04-21,EE,mFRR,down,11.592395833333333,96
2026-04-21,EE,mFRR,up,9.7321875,96
2026-04-21,LT,aFRR,down,5.2703125,96
2026-04-21,LT,aFRR,up,3.397083333333333,96
2026-04-21,LT,mFRR,down,11.592395833333333,96
2026-04-21,LT,mFRR,up,12.082604166666668,96
2026-04-21,LV,aFRR,down,5.2703125,96
2026-04-21,LV,aFRR,up,3.397083333333333,96
2026-04-21,LV,mFRR,down,11.592395833333333,96
2026-04-21,LV,mFRR,up,12.082604166666668,96
2026-04-22,EE,aFRR,down,4.927916666666666,96
2026-04-22,EE,aFRR,up,2.367395833333333,96
2026-04-22,EE,mFRR,down,9.440520833333332,96
2026-04-22,EE,mFRR,up,6.274270833333333,96
2026-04-22,LT,aFRR,down,4.927916666666666,96
2026-04-22,LT,aFRR,up,11.8465625,96
2026-04-22,LT,mFRR,down,9.440520833333332,96
2026-04-22,LT,mFRR,up,11.267708333333331,96
2026-04-22,LV,aFRR,down,4.927916666666666,96
2026-04-22,LV,aFRR,up,11.8465625,96
2026-04-22,LV,mFRR,down,9.440520833333332,96
2026-04-22,LV,mFRR,up,11.267708333333331,96
2026-04-23,EE,aFRR,down,3.7738541666666654,96
2026-04-23,EE,aFRR,up,3.2801041666666664,96
2026-04-23,EE,mFRR,down,3.6541666666666672,96
2026-04-23,EE,mFRR,up,5.835416666666667,96
2026-04-23,LT,aFRR,down,3.7738541666666654,96
2026-04-23,LT,aFRR,up,3.7052083333333328,96
2026-04-23,LT,mFRR,down,3.6541666666666672,96
2026-04-23,LT,mFRR,up,7.091562499999999,96
2026-04-23,LV,aFRR,down,3.7738541666666654,96
2026-04-23,LV,aFRR,up,3.7052083333333328,96
2026-04-23,LV,mFRR,down,3.6541666666666672,96
2026-04-23,LV,mFRR,up,7.091562499999999,96
2026-04-24,EE,aFRR,down,7.5566666666666675,96
2026-04-24,EE,aFRR,up,7.156145833333333,96
2026-04-24,EE,mFRR,down,9.621770833333334,96
2026-04-24,EE,mFRR,up,8.607916666666666,96
2026-04-24,LT,aFRR,down,7.598333333333335,96
2026-04-24,LT,aFRR,up,7.948958333333333,96
2026-04-24,LT,mFRR,down,9.911458333333334,96
2026-04-24,LT,mFRR,up,9.659479166666667,96
2026-04-24,LV,aFRR,down,7.598333333333335,96
2026-04-24,LV,aFRR,up,7.948958333333333,96
2026-04-24,LV,mFRR,down,9.911458333333334,96
2026-04-24,LV,mFRR,up,9.659479166666667,96
2026-04-25,EE,aFRR,down,5.229583333333332,96
2026-04-25,EE,aFRR,up,2.537083333333334,96
2026-04-25,EE,mFRR,down,8.991770833333334,96
2026-04-25,EE,mFRR,up,6.542083333333333,96
2026-04-25,LT,aFRR,down,5.229583333333332,96
2026-04-25,LT,aFRR,up,4.722604166666667,96
2026-04-25,LT,mFRR,down,8.991770833333334,96
2026-04-25,LT,mFRR,up,12.54916666666667,96
2026-04-25,LV,aFRR,down,5.229583333333332,96
2026-04-25,LV,aFRR,up,4.011458333333334,96
2026-04-25,LV,mFRR,down,8.991770833333334,96
2026-04-25,LV,mFRR,up,10.158958333333333,96
2026-04-26,EE,aFRR,down,2.7084375,96
2026-04-26,EE,aFRR,up,5.001354166666667,96
2026-04-26,EE,mFRR,down,4.105208333333333,96
2026-04-26,EE,mFRR,up,5.528229166666666,96
2026-04-26,LT,aFRR,down,3.474895833333333,96
2026-04-26,LT,aFRR,up,5.001354166666667,96
2026-04-26,LT,mFRR,down,4.34875,96
2026-04-26,LT,mFRR,up,7.489583333333333,96
2026-04-26,LV,aFRR,down,2.7572916666666667,96
2026-04-26,LV,aFRR,up,5.001354166666667,96
2026-04-26,LV,mFRR,down,4.140312499999999,96
2026-04-26,LV,mFRR,up,7.489583333333333,96
2026-04-27,EE,aFRR,down,5.026041666666665,96
2026-04-27,EE,aFRR,up,2.3028125,96
2026-04-27,EE,mFRR,down,5.037395833333333,96
2026-04-27,EE,mFRR,up,3.716770833333333,96
2026-04-27,LT,aFRR,down,3.957499999999999,96
2026-04-27,LT,aFRR,up,3.969375,96
2026-04-27,LT,mFRR,down,4.829479166666666,96
2026-04-27,LT,mFRR,up,10.725208333333333,96
2026-04-27,LV,aFRR,down,3.957499999999999,96
2026-04-27,LV,aFRR,up,3.8716666666666666,96
2026-04-27,LV,mFRR,down,4.829479166666666,96
2026-04-27,LV,mFRR,up,10.3490625,96
2026-04-28,EE,aFRR,down,4.962812499999999,96
2026-04-28,EE,aFRR,up,1.8713541666666669,96
2026-04-28,EE,mFRR,down,5.499270833333334,96
2026-04-28,EE,mFRR,up,3.950625000000001,96
2026-04-28,LT,aFRR,down,3.3578125,96
2026-04-28,LT,aFRR,up,17.1740625,96
2026-04-28,LT,mFRR,down,4.878541666666667,96
2026-04-28,LT,mFRR,up,16.315625,96
2026-04-28,LV,aFRR,down,3.3578125,96
2026-04-28,LV,aFRR,up,17.1740625,96
2026-04-28,LV,mFRR,down,4.878541666666667,96
2026-04-28,LV,mFRR,up,16.315625,96
2026-04-29,EE,aFRR,down,7.528333333333333,96
2026-04-29,EE,aFRR,up,2.443958333333333,96
2026-04-29,EE,mFRR,down,12.4534375,96
2026-04-29,EE,mFRR,up,6.359166666666667,96
2026-04-29,LT,aFRR,down,7.6325,96
2026-04-29,LT,aFRR,up,12.1428125,96
2026-04-29,LT,mFRR,down,12.609687499999998,96
2026-04-29,LT,mFRR,up,21.01864583333333,96
2026-04-29,LV,aFRR,down,7.6325,96
2026-04-29,LV,aFRR,up,12.1428125,96
2026-04-29,LV,mFRR,down,12.609687499999998,96
2026-04-29,LV,mFRR,up,21.01864583333333,96
2026-04-30,EE,aFRR,down,5.2959375,96
2026-04-30,EE,aFRR,up,5.000520833333334,96
2026-04-30,EE,mFRR,down,11.669791666666663,96
2026-04-30,EE,mFRR,up,10.684375,96
2026-04-30,LT,aFRR,down,5.2959375,96
2026-04-30,LT,aFRR,up,3.374062500000001,96
2026-04-30,LT,mFRR,down,11.669791666666663,96
2026-04-30,LT,mFRR,up,11.435000000000002,96
2026-04-30,LV,aFRR,down,5.2959375,96
2026-04-30,LV,aFRR,up,3.248645833333334,96
2026-04-30,LV,mFRR,down,11.669791666666663,96
2026-04-30,LV,mFRR,up,11.004166666666668,96
2026-05-01,EE,aFRR,down,5.741041666666667,96
2026-05-01,EE,aFRR,up,3.3304166666666664,96
2026-05-01,EE,mFRR,down,13.304166666666664,96
2026-05-01,EE,mFRR,up,5.431875000000001,96
2026-05-01,LT,aFRR,down,5.741041666666667,96
2026-05-01,LT,aFRR,up,5.6023958333333335,96
2026-05-01,LT,mFRR,down,13.304166666666664,96
2026-05-01,LT,mFRR,up,6.670937500000001,96
2026-05-01,LV,aFRR,down,5.741041666666667,96
2026-05-01,LV,aFRR,up,5.6023958333333335,96
2026-05-01,LV,mFRR,down,13.304166666666664,96
2026-05-01,LV,mFRR,up,6.670937500000001,96
2026-05-02,EE,aFRR,down,6.772291666666668,96
2026-05-02,EE,aFRR,up,4.232083333333334,96
2026-05-02,EE,mFRR,down,9.5453125,96
2026-05-02,EE,mFRR,up,6.278020833333334,96
2026-05-02,LT,aFRR,down,7.704583333333332,96
2026-05-02,LT,aFRR,up,6.538020833333333,96
2026-05-02,LT,mFRR,down,10.5759375,96
2026-05-02,LT,mFRR,up,6.326249999999999,96
2026-05-02,LV,aFRR,down,7.704583333333332,96
2026-05-02,LV,aFRR,up,6.538020833333333,96
2026-05-02,LV,mFRR,down,10.5759375,96
2026-05-02,LV,mFRR,up,6.326249999999999,96
2026-05-03,EE,aFRR,down,5.743125,96
2026-05-03,EE,aFRR,up,5.048229166666667,96
2026-05-03,EE,mFRR,down,11.392395833333332,96
2026-05-03,EE,mFRR,up,8.647708333333334,96
2026-05-03,LT,aFRR,down,6.797083333333333,96
2026-05-03,LT,aFRR,up,6.515416666666667,96
2026-05-03,LT,mFRR,down,11.9475,96
2026-05-03,LT,mFRR,up,10.210833333333332,96
2026-05-03,LV,aFRR,down,5.743125,96
2026-05-03,LV,aFRR,up,6.778750000000001,96
2026-05-03,LV,mFRR,down,11.392395833333332,96
2026-05-03,LV,mFRR,up,10.210833333333332,96
2026-05-04,EE,aFRR,down,7.995833333333333,96
2026-05-04,EE,aFRR,up,4.954687500000001,96
2026-05-04,EE,mFRR,down,13.850520833333333,96
2026-05-04,EE,mFRR,up,10.923541666666663,96
2026-05-04,LT,aFRR,down,7.995833333333333,96
2026-05-04,LT,aFRR,up,3.39,96
2026-05-04,LT,mFRR,down,13.850520833333333,96
2026-05-04,LT,mFRR,up,9.6653125,96
2026-05-04,LV,aFRR,down,7.995833333333333,96
2026-05-04,LV,aFRR,up,3.39,96
2026-05-04,LV,mFRR,down,13.850520833333333,96
2026-05-04,LV,mFRR,up,9.6653125,96
2026-05-05,EE,aFRR,down,6.221041666666667,96
2026-05-05,EE,aFRR,up,5.001979166666667,96
2026-05-05,EE,mFRR,down,12.78875,96
2026-05-05,EE,mFRR,up,6.770104166666666,96
2026-05-05,LT,aFRR,down,6.221041666666667,96
2026-05-05,LT,aFRR,up,7.703645833333333,96
2026-05-05,LT,mFRR,down,12.78875,96
2026-05-05,LT,mFRR,up,8.213229166666666,96
2026-05-05,LV,aFRR,down,6.221041666666667,96
2026-05-05,LV,aFRR,up,7.703645833333333,96
2026-05-05,LV,mFRR,down,12.78875,96
2026-05-05,LV,mFRR,up,8.213229166666666,96
2026-05-06,EE,aFRR,down,5.031666666666666,96
2026-05-06,EE,aFRR,up,2.521875,96
2026-05-06,EE,mFRR,down,6.575520833333333,96
2026-05-06,EE,mFRR,up,4.878854166666667,96
2026-05-06,LT,aFRR,down,4.654166666666666,96
2026-05-06,LT,aFRR,up,16.812499999999996,96
2026-05-06,LT,mFRR,down,6.575520833333333,96
2026-05-06,LT,mFRR,up,15.199270833333337,96
2026-05-06,LV,aFRR,down,4.654166666666666,96
2026-05-06,LV,aFRR,up,16.574375,96
2026-05-06,LV,mFRR,down,6.575520833333333,96
2026-05-06,LV,mFRR,up,14.778645833333334,96
2026-05-07,EE,aFRR,down,4.113333333333332,96
2026-05-07,EE,aFRR,up,4.868958333333334,96
2026-05-07,EE,mFRR,down,5.867187499999999,96
2026-05-07,EE,mFRR,up,7.966666666666666,96
2026-05-07,LT,aFRR,down,3.971770833333333,96
2026-05-07,LT,aFRR,up,5.744583333333334,96
2026-05-07,LT,mFRR,down,5.867187499999999,96
2026-05-07,LT,mFRR,up,13.627604166666666,96
2026-05-07,LV,aFRR,down,3.971770833333333,96
2026-05-07,LV,aFRR,up,5.656354166666667,96
2026-05-07,LV,mFRR,down,5.867187499999999,96
2026-05-07,LV,mFRR,up,13.300729166666663,96
2026-05-08,EE,aFRR,down,3.471458333333333,96
2026-05-08,EE,aFRR,up,4.907291666666667,96
2026-05-08,EE,mFRR,down,5.020520833333332,96
2026-05-08,EE,mFRR,up,6.8296875,96
2026-05-08,LT,aFRR,down,3.471458333333333,96
2026-05-08,LT,aFRR,up,4.907291666666667,96
2026-05-08,LT,mFRR,down,5.020520833333332,96
2026-05-08,LT,mFRR,up,8.070520833333333,96
2026-05-08,LV,aFRR,down,3.471458333333333,96
2026-05-08,LV,aFRR,up,4.907291666666667,96
2026-05-08,LV,mFRR,down,5.020520833333332,96
2026-05-08,LV,mFRR,up,8.070520833333333,96
2026-05-09,EE,aFRR,down,14.52052083333333,96
2026-05-09,EE,aFRR,up,2.862604166666666,96
2026-05-09,EE,mFRR,down,19.43875,96
2026-05-09,EE,mFRR,up,3.8947916666666655,96
2026-05-09,LT,aFRR,down,15.845520833333332,96
2026-05-09,LT,aFRR,up,9.343020833333332,96
2026-05-09,LT,mFRR,down,19.459166666666665,96
2026-05-09,LT,mFRR,up,9.7725,96
2026-05-09,LV,aFRR,down,15.845520833333332,96
2026-05-09,LV,aFRR,up,9.343020833333332,96
2026-05-09,LV,mFRR,down,19.459166666666665,96
2026-05-09,LV,mFRR,up,9.7725,96
2026-05-10,EE,aFRR,down,9.5925,96
2026-05-10,EE,aFRR,up,1.5034374999999998,96
2026-05-10,EE,mFRR,down,21.38114583333333,96
2026-05-10,EE,mFRR,up,2.1490625,96
2026-05-10,LT,aFRR,down,9.5925,96
2026-05-10,LT,aFRR,up,61.98677083333333,96
2026-05-10,LT,mFRR,down,21.38114583333333,96
2026-05-10,LT,mFRR,up,26.01697916666667,96
2026-05-10,LV,aFRR,down,9.5925,96
2026-05-10,LV,aFRR,up,61.98677083333333,96
2026-05-10,LV,mFRR,down,21.38114583333333,96
2026-05-10,LV,mFRR,up,26.01697916666667,96
2026-05-11,EE,aFRR,down,4.966666666666666,96
2026-05-11,EE,aFRR,up,6.3465625,96
2026-05-11,EE,mFRR,down,5.8425,96
2026-05-11,EE,mFRR,up,9.370833333333332,96
2026-05-11,LT,aFRR,down,4.966666666666666,96
2026-05-11,LT,aFRR,up,9.2121875,96
2026-05-11,LT,mFRR,down,6.1847916666666665,96
2026-05-11,LT,mFRR,up,13.367395833333337,96
2026-05-11,LV,aFRR,down,4.966666666666666,96
2026-05-11,LV,aFRR,up,9.2121875,96
2026-05-11,LV,mFRR,down,6.1847916666666665,96
2026-05-11,LV,mFRR,up,13.367395833333337,96
2026-05-12,EE,aFRR,down,5.055625,96
2026-05-12,EE,aFRR,up,4.863541666666666,96
2026-05-12,EE,mFRR,down,7.059166666666667,96
2026-05-12,EE,mFRR,up,8.439895833333333,96
2026-05-12,LT,aFRR,down,5.055625,96
2026-05-12,LT,aFRR,up,12.953854166666666,96
2026-05-12,LT,mFRR,down,7.059166666666667,96
2026-05-12,LT,mFRR,up,17.255416666666665,96
2026-05-12,LV,aFRR,down,5.055625,96
2026-05-12,LV,aFRR,up,12.953854166666666,96
2026-05-12,LV,mFRR,down,7.059166666666667,96
2026-05-12,LV,mFRR,up,17.255416666666665,96
2026-05-13,EE,aFRR,down,53.97833333333333,96
2026-05-13,EE,aFRR,up,5.049062499999999,96
2026-05-13,EE,mFRR,down,6.964583333333333,96
2026-05-13,EE,mFRR,up,5.243854166666666,96
2026-05-13,LT,aFRR,down,53.97833333333333,96
2026-05-13,LT,aFRR,up,5.571458333333332,96
2026-05-13,LT,mFRR,down,6.964583333333333,96
2026-05-13,LT,mFRR,up,6.7475,96
2026-05-13,LV,aFRR,down,53.97833333333333,96
2026-05-13,LV,aFRR,up,5.571458333333332,96
2026-05-13,LV,mFRR,down,6.964583333333333,96
2026-05-13,LV,mFRR,up,6.7475,96
2026-05-14,EE,aFRR,down,4.80375,96
2026-05-14,EE,aFRR,up,0.8211458333333335,96
2026-05-14,EE,mFRR,down,5.646874999999999,96
2026-05-14,EE,mFRR,up,1.3475,96
2026-05-14,LT,aFRR,down,4.80375,96
2026-05-14,LT,aFRR,up,23.671041666666667,96
2026-05-14,LT,mFRR,down,5.646874999999999,96
2026-05-14,LT,mFRR,up,16.225624999999997,96
2026-05-14,LV,aFRR,down,4.80375,96
2026-05-14,LV,aFRR,up,23.671041666666667,96
2026-05-14,LV,mFRR,down,5.646874999999999,96
2026-05-14,LV,mFRR,up,16.225624999999997,96
2026-05-15,EE,aFRR,down,18.622291666666666,96
2026-05-15,EE,aFRR,up,6.000520833333333,96
2026-05-15,EE,mFRR,down,27.50833333333333,96
2026-05-15,EE,mFRR,up,7.5957291666666675,96
2026-05-15,LT,aFRR,down,18.622291666666666,96
2026-05-15,LT,aFRR,up,48.6065625,96
2026-05-15,LT,mFRR,down,27.50833333333333,96
2026-05-15,LT,mFRR,up,30.044687499999995,96
2026-05-15,LV,aFRR,down,18.622291666666666,96
2026-05-15,LV,aFRR,up,48.6065625,96
2026-05-15,LV,mFRR,down,27.50833333333333,96
2026-05-15,LV,mFRR,up,30.044687499999995,96
2026-05-18,EE,aFRR,down,4.930729166666667,96
2026-05-18,EE,aFRR,up,4.288854166666666,96
2026-05-18,EE,mFRR,down,8.2996875,96
2026-05-18,EE,mFRR,up,8.386770833333333,96
2026-05-18,LT,aFRR,down,4.930729166666667,96
2026-05-18,LT,aFRR,up,9.9325,96
2026-05-18,LT,mFRR,down,8.2996875,96
2026-05-18,LT,mFRR,up,22.91989583333333,96
2026-05-18,LV,aFRR,down,4.930729166666667,96
2026-05-18,LV,aFRR,up,9.9325,96
2026-05-18,LV,mFRR,down,8.2996875,96
2026-05-18,LV,mFRR,up,22.91989583333333,96
2026-05-19,EE,aFRR,down,3.922812500000001,96
2026-05-19,EE,aFRR,up,6.328020833333333,96
2026-05-19,EE,mFRR,down,6.951874999999999,96
2026-05-19,EE,mFRR,up,5.036458333333333,96
2026-05-19,LT,aFRR,down,3.922812500000001,96
2026-05-19,LT,aFRR,up,7.6046875,96
2026-05-19,LT,mFRR,down,6.951874999999999,96
2026-05-19,LT,mFRR,up,13.038541666666664,96
2026-05-19,LV,aFRR,down,3.922812500000001,96
2026-05-19,LV,aFRR,up,7.6046875,96
2026-05-19,LV,mFRR,down,6.951874999999999,96
2026-05-19,LV,mFRR,up,13.038541666666664,96
2026-05-20,EE,aFRR,down,7.269479166666667,96
2026-05-20,EE,aFRR,up,1.1791666666666665,96
2026-05-20,EE,mFRR,down,10.080416666666666,96
2026-05-20,EE,mFRR,up,4.329895833333333,96
2026-05-20,LT,aFRR,down,7.269479166666667,96
2026-05-20,LT,aFRR,up,34.99947916666667,96
2026-05-20,LT,mFRR,down,10.080416666666666,96
2026-05-20,LT,mFRR,up,42.27135416666667,96
2026-05-20,LV,aFRR,down,7.269479166666667,96
2026-05-20,LV,aFRR,up,34.99947916666667,96
2026-05-20,LV,mFRR,down,10.080416666666666,96
2026-05-20,LV,mFRR,up,42.27135416666667,96
2026-05-21,EE,aFRR,down,2.591041666666667,96
2026-05-21,EE,aFRR,up,1.0845833333333337,96
2026-05-21,EE,mFRR,down,9.563541666666667,96
2026-05-21,EE,mFRR,up,3.708125,96
2026-05-21,LT,aFRR,down,2.588750000000001,96
2026-05-21,LT,aFRR,up,39.36739583333333,96
2026-05-21,LT,mFRR,down,9.38625,96
2026-05-21,LT,mFRR,up,26.55083333333333,96
2026-05-21,LV,aFRR,down,2.588750000000001,96
2026-05-21,LV,aFRR,up,39.17875,96
2026-05-21,LV,mFRR,down,9.38625,96
2026-05-21,LV,mFRR,up,26.319375,96
2026-05-22,EE,aFRR,down,9.194270833333333,96
2026-05-22,EE,aFRR,up,4.828541666666667,96
2026-05-22,EE,mFRR,down,6.568333333333334,96
2026-05-22,EE,mFRR,up,6.126666666666668,96
2026-05-22,LT,aFRR,down,9.194270833333333,96
2026-05-22,LT,aFRR,up,16.693229166666665,96
2026-05-22,LT,mFRR,down,6.568333333333334,96
2026-05-22,LT,mFRR,up,17.574062499999997,96
2026-05-22,LV,aFRR,down,9.194270833333333,96
2026-05-22,LV,aFRR,up,16.693229166666665,96
2026-05-22,LV,mFRR,down,6.568333333333334,96
2026-05-22,LV,mFRR,up,17.574062499999997,96
2026-05-23,EE,aFRR,down,5.378125,96
2026-05-23,EE,aFRR,up,2.1048958333333334,96
2026-05-23,EE,mFRR,down,9.311354166666668,96
2026-05-23,EE,mFRR,up,4.386770833333334,96
2026-05-23,LT,aFRR,down,5.378125,96
2026-05-23,LT,aFRR,up,5.009583333333334,96
2026-05-23,LT,mFRR,down,9.311354166666668,96
2026-05-23,LT,mFRR,up,20.290833333333328,96
2026-05-23,LV,aFRR,down,5.378125,96
2026-05-23,LV,aFRR,up,5.009583333333334,96
2026-05-23,LV,mFRR,down,9.311354166666668,96
2026-05-23,LV,mFRR,up,20.290833333333328,96
2026-05-24,EE,aFRR,down,6.865312499999999,96
2026-05-24,EE,aFRR,up,1.898854166666667,96
2026-05-24,EE,mFRR,down,8.598437500000001,96
2026-05-24,EE,mFRR,up,4.2718750000000005,96
2026-05-24,LT,aFRR,down,6.865312499999999,96
2026-05-24,LT,aFRR,up,5.925624999999999,96
2026-05-24,LT,mFRR,down,8.598437500000001,96
2026-05-24,LT,mFRR,up,16.13145833333333,96
2026-05-24,LV,aFRR,down,6.865312499999999,96
2026-05-24,LV,aFRR,up,5.798333333333333,96
2026-05-24,LV,mFRR,down,8.598437500000001,96
2026-05-24,LV,mFRR,up,15.610833333333332,96
2026-05-25,EE,aFRR,down,7.391458333333333,96
2026-05-25,EE,aFRR,up,5.620625,96
2026-05-25,EE,mFRR,down,9.248958333333333,96
2026-05-25,EE,mFRR,up,15.313333333333333,96
2026-05-25,LT,aFRR,down,7.391458333333333,96
2026-05-25,LT,aFRR,up,9.749375,96
2026-05-25,LT,mFRR,down,9.248958333333333,96
2026-05-25,LT,mFRR,up,27.938958333333336,96
2026-05-25,LV,aFRR,down,7.391458333333333,96
2026-05-25,LV,aFRR,up,9.749375,96
2026-05-25,LV,mFRR,down,9.248958333333333,96
2026-05-25,LV,mFRR,up,27.938958333333336,96
2026-05-26,EE,aFRR,down,9.202916666666663,96
2026-05-26,EE,aFRR,up,11.910104166666663,96
2026-05-26,EE,mFRR,down,11.409791666666663,96
2026-05-26,EE,mFRR,up,13.713229166666666,96
2026-05-26,LT,aFRR,down,9.202916666666663,96
2026-05-26,LT,aFRR,up,57.85979166666666,96
2026-05-26,LT,mFRR,down,11.409791666666663,96
2026-05-26,LT,mFRR,up,53.02895833333334,96
2026-05-26,LV,aFRR,down,9.202916666666663,96
2026-05-26,LV,aFRR,up,57.85979166666666,96
2026-05-26,LV,mFRR,down,11.409791666666663,96
2026-05-26,LV,mFRR,up,53.02895833333334,96
2026-05-27,EE,aFRR,down,4.334791666666667,96
2026-05-27,EE,aFRR,up,2.794479166666666,96
2026-05-27,EE,mFRR,down,5.6409375,96
2026-05-27,EE,mFRR,up,6.137291666666667,96
2026-05-27,LT,aFRR,down,4.334791666666667,96
2026-05-27,LT,aFRR,up,7.411666666666666,96
2026-05-27,LT,mFRR,down,5.643854166666666,96
2026-05-27,LT,mFRR,up,144.94010416666666,96
2026-05-27,LV,aFRR,down,4.334791666666667,96
2026-05-27,LV,aFRR,up,7.411666666666666,96
2026-05-27,LV,mFRR,down,5.643854166666666,96
2026-05-27,LV,mFRR,up,144.94010416666666,96
2026-05-28,EE,aFRR,down,3.913125,96
2026-05-28,EE,aFRR,up,1.919166666666667,96
2026-05-28,EE,mFRR,down,5.705520833333334,96
2026-05-28,EE,mFRR,up,4.783541666666667,96
2026-05-28,LT,aFRR,down,4.3396875,96
2026-05-28,LT,aFRR,up,17.175729166666667,96
2026-05-28,LT,mFRR,down,5.931145833333333,96
2026-05-28,LT,mFRR,up,29.91802083333333,96
2026-05-28,LV,aFRR,down,4.3396875,96
2026-05-28,LV,aFRR,up,17.175729166666667,96
2026-05-28,LV,mFRR,down,5.931145833333333,96
2026-05-28,LV,mFRR,up,29.91802083333333,96
2026-05-29,EE,aFRR,down,44.23354166666667,96
2026-05-29,EE,aFRR,up,47.300729166666656,96
2026-05-29,EE,mFRR,down,3.716458333333333,96
2026-05-29,EE,mFRR,up,5.904166666666668,96
2026-05-29,LT,aFRR,down,85.88510416666666,96
2026-05-29,LT,aFRR,up,222.87583333333336,96
2026-05-29,LT,mFRR,down,3.716458333333333,96
2026-05-29,LT,mFRR,up,48.05364583333333,96
2026-05-29,LV,aFRR,down,85.88510416666666,96
2026-05-29,LV,aFRR,up,222.87583333333336,96
2026-05-29,LV,mFRR,down,3.716458333333333,96
2026-05-29,LV,mFRR,up,48.05364583333333,96
2026-05-30,EE,aFRR,down,32.34072916666666,96
2026-05-30,EE,aFRR,up,18.628541666666667,96
2026-05-30,EE,mFRR,down,49.04041666666666,96
2026-05-30,EE,mFRR,up,25.665416666666665,96
2026-05-30,LT,aFRR,down,32.34072916666666,96
2026-05-30,LT,aFRR,up,32.5828125,96
2026-05-30,LT,mFRR,down,49.04041666666666,96
2026-05-30,LT,mFRR,up,50.4746875,96
2026-05-30,LV,aFRR,down,32.34072916666666,96
2026-05-30,LV,aFRR,up,32.5828125,96
2026-05-30,LV,mFRR,down,49.04041666666666,96
2026-05-30,LV,mFRR,up,50.4746875,96
2026-05-31,EE,aFRR,down,20.153125,96
2026-05-31,EE,aFRR,up,7.073125,96
2026-05-31,EE,mFRR,down,40.813229166666666,96
2026-05-31,EE,mFRR,up,27.168229166666663,96
2026-05-31,LT,aFRR,down,20.153125,96
2026-05-31,LT,aFRR,up,69.96520833333332,96
2026-05-31,LT,mFRR,down,40.813229166666666,96
2026-05-31,LT,mFRR,up,45.80916666666666,96
2026-05-31,LV,aFRR,down,20.153125,96
2026-05-31,LV,aFRR,up,69.94124999999998,96
2026-05-31,LV,mFRR,down,40.813229166666666,96
2026-05-31,LV,mFRR,up,45.56,96
2026-06-01,EE,aFRR,down,3.421770833333333,96
2026-06-01,EE,aFRR,up,5.316979166666666,96
2026-06-01,EE,mFRR,down,19.77104166666666,96
2026-06-01,EE,mFRR,up,32.461354166666666,96
2026-06-01,LT,aFRR,down,3.421770833333333,96
2026-06-01,LT,aFRR,up,13.4909375,96
2026-06-01,LT,mFRR,down,19.77104166666666,96
2026-06-01,LT,mFRR,up,38.17833333333333,96
2026-06-01,LV,aFRR,down,3.421770833333333,96
2026-06-01,LV,aFRR,up,13.4909375,96
2026-06-01,LV,mFRR,down,19.77104166666666,96
2026-06-01,LV,mFRR,up,38.17833333333333,96
2026-06-02,EE,aFRR,down,16.677291666666665,96
2026-06-02,EE,aFRR,up,35.43833333333334,96
2026-06-02,EE,mFRR,down,19.425416666666667,96
2026-06-02,EE,mFRR,up,30.624166666666667,96
2026-06-02,LT,aFRR,down,16.677291666666665,96
2026-06-02,LT,aFRR,up,40.02739583333334,96
2026-06-02,LT,mFRR,down,19.425416666666667,96
2026-06-02,LT,mFRR,up,42.86354166666666,96
2026-06-02,LV,aFRR,down,16.677291666666665,96
2026-06-02,LV,aFRR,up,39.851875,96
2026-06-02,LV,mFRR,down,19.425416666666667,96
2026-06-02,LV,mFRR,up,41.01802083333334,96
2026-06-03,EE,aFRR,down,7.945625,96
2026-06-03,EE,aFRR,up,3.0778125,96
2026-06-03,EE,mFRR,down,9.112708333333334,96
2026-06-03,EE,mFRR,up,17.46875,96
2026-06-03,LT,aFRR,down,7.945625,96
2026-06-03,LT,aFRR,up,4.0569791666666655,96
2026-06-03,LT,mFRR,down,9.112708333333334,96
2026-06-03,LT,mFRR,up,19.696041666666662,96
2026-06-03,LV,aFRR,down,7.945625,96
2026-06-03,LV,aFRR,up,4.0569791666666655,96
2026-06-03,LV,mFRR,down,9.112708333333334,96
2026-06-03,LV,mFRR,up,19.696041666666662,96
2026-06-04,EE,aFRR,down,5.000625,96
2026-06-04,EE,aFRR,up,2.7470833333333338,96
2026-06-04,EE,mFRR,down,7.971875000000001,96
2026-06-04,EE,mFRR,up,8.669166666666667,96
2026-06-04,LT,aFRR,down,5.000625,96
2026-06-04,LT,aFRR,up,3.3175000000000003,96
2026-06-04,LT,mFRR,down,8.383645833333334,96
2026-06-04,LT,mFRR,up,11.12791666666667,96
2026-06-04,LV,aFRR,down,5.000625,96
2026-06-04,LV,aFRR,up,3.3175000000000003,96
2026-06-04,LV,mFRR,down,8.383645833333334,96
2026-06-04,LV,mFRR,up,11.12791666666667,96
2026-06-05,EE,aFRR,down,5.431874999999998,96
2026-06-05,EE,aFRR,up,2.366145833333333,96
2026-06-05,EE,mFRR,down,18.529166666666665,96
2026-06-05,EE,mFRR,up,13.080833333333333,96
2026-06-05,LT,aFRR,down,5.431874999999998,96
2026-06-05,LT,aFRR,up,10.011458333333334,96
2026-06-05,LT,mFRR,down,18.529166666666665,96
2026-06-05,LT,mFRR,up,34.89895833333333,96
2026-06-05,LV,aFRR,down,5.431874999999998,96
2026-06-05,LV,aFRR,up,10.011458333333334,96
2026-06-05,LV,mFRR,down,18.529166666666665,96
2026-06-05,LV,mFRR,up,34.89895833333333,96
2026-06-06,EE,aFRR,down,14.970520833333332,96
2026-06-06,EE,aFRR,up,2.5276041666666664,96
2026-06-06,EE,mFRR,down,26.56822916666667,96
2026-06-06,EE,mFRR,up,10.371458333333331,96
2026-06-06,LT,aFRR,down,14.970520833333332,96
2026-06-06,LT,aFRR,up,76.94177083333334,96
2026-06-06,LT,mFRR,down,26.56822916666667,96
2026-06-06,LT,mFRR,up,20.69739583333333,96
2026-06-06,LV,aFRR,down,14.970520833333332,96
2026-06-06,LV,aFRR,up,76.94177083333334,96
2026-06-06,LV,mFRR,down,26.56822916666667,96
2026-06-06,LV,mFRR,up,20.69739583333333,96
2026-06-07,EE,aFRR,down,28.74385416666667,96
2026-06-07,EE,aFRR,up,13.328125,96
2026-06-07,EE,mFRR,down,36.75583333333333,96
2026-06-07,EE,mFRR,up,31.132604166666667,96
2026-06-07,LT,aFRR,down,28.74385416666667,96
2026-06-07,LT,aFRR,up,66.06666666666666,96
2026-06-07,LT,mFRR,down,36.789270833333326,96
2026-06-07,LT,mFRR,up,31.132604166666667,96
2026-06-07,LV,aFRR,down,28.74385416666667,96
2026-06-07,LV,aFRR,up,66.06666666666666,96
2026-06-07,LV,mFRR,down,36.75583333333333,96
2026-06-07,LV,mFRR,up,31.132604166666667,96
2026-06-08,EE,aFRR,down,2.5639583333333333,96
2026-06-08,EE,aFRR,up,2.276875,96
2026-06-08,EE,mFRR,down,18.160833333333333,96
2026-06-08,EE,mFRR,up,12.136874999999998,96
2026-06-08,LT,aFRR,down,2.5639583333333333,96
2026-06-08,LT,aFRR,up,28.44541666666667,96
2026-06-08,LT,mFRR,down,18.160833333333333,96
2026-06-08,LT,mFRR,up,52.20166666666668,96
2026-06-08,LV,aFRR,down,2.5639583333333333,96
2026-06-08,LV,aFRR,up,28.44541666666667,96
2026-06-08,LV,mFRR,down,18.160833333333333,96
2026-06-08,LV,mFRR,up,52.20166666666668,96
2026-06-09,EE,aFRR,down,4.347083333333334,96
2026-06-09,EE,aFRR,up,2.875625,96
2026-06-09,EE,mFRR,down,13.808229166666669,96
2026-06-09,EE,mFRR,up,12.153854166666669,96
2026-06-09,LT,aFRR,down,4.347083333333334,96
2026-06-09,LT,aFRR,up,19.855625,96
2026-06-09,LT,mFRR,down,13.808229166666669,96
2026-06-09,LT,mFRR,up,32.52395833333333,96
2026-06-09,LV,aFRR,down,4.347083333333334,96
2026-06-09,LV,aFRR,up,19.855625,96
2026-06-09,LV,mFRR,down,13.808229166666669,96
2026-06-09,LV,mFRR,up,32.52395833333333,96
2026-06-10,EE,aFRR,down,10.0053125,96
2026-06-10,EE,aFRR,up,61.14281250000001,96
2026-06-10,EE,mFRR,down,12.331354166666666,96
2026-06-10,EE,mFRR,up,55.36927083333333,96
2026-06-10,LT,aFRR,down,10.0053125,96
2026-06-10,LT,aFRR,up,233.7040625,96
2026-06-10,LT,mFRR,down,12.331354166666666,96
2026-06-10,LT,mFRR,up,55.8584375,96
2026-06-10,LV,aFRR,down,10.0053125,96
2026-06-10,LV,aFRR,up,233.7040625,96
2026-06-10,LV,mFRR,down,12.331354166666666,96
2026-06-10,LV,mFRR,up,55.8584375,96
2026-06-11,EE,aFRR,down,5.815520833333333,96
2026-06-11,EE,aFRR,up,2.5671875,96
2026-06-11,EE,mFRR,down,7.933854166666667,96
2026-06-11,EE,mFRR,up,14.928854166666667,96
2026-06-11,LT,aFRR,down,5.815520833333333,96
2026-06-11,LT,aFRR,up,22.23552083333333,96
2026-06-11,LT,mFRR,down,7.933854166666667,96
2026-06-11,LT,mFRR,up,33.935,96
2026-06-11,LV,aFRR,down,5.815520833333333,96
2026-06-11,LV,aFRR,up,22.23552083333333,96
2026-06-11,LV,mFRR,down,7.933854166666667,96
2026-06-11,LV,mFRR,up,33.935,96
2026-06-12,EE,aFRR,down,7.224687499999999,96
2026-06-12,EE,aFRR,up,9.989895833333332,96
2026-06-12,EE,mFRR,down,11.714375,96
2026-06-12,EE,mFRR,up,22.65625,96
2026-06-12,LT,aFRR,down,7.224687499999999,96
2026-06-12,LT,aFRR,up,61.068541666666654,96
2026-06-12,LT,mFRR,down,11.714375,96
2026-06-12,LT,mFRR,up,44.96802083333333,96
2026-06-12,LV,aFRR,down,7.224687499999999,96
2026-06-12,LV,aFRR,up,61.068541666666654,96
2026-06-12,LV,mFRR,down,11.714375,96
2026-06-12,LV,mFRR,up,44.96802083333333,96
2026-06-13,EE,aFRR,down,3.13625,96
2026-06-13,EE,aFRR,up,3.372604166666667,96
2026-06-13,EE,mFRR,down,19.37281250000001,96
2026-06-13,EE,mFRR,up,9.309270833333334,96
2026-06-13,LT,aFRR,down,3.544375,96
2026-06-13,LT,aFRR,up,19.639895833333327,96
2026-06-13,LT,mFRR,down,23.17833333333333,96
2026-06-13,LT,mFRR,up,27.415416666666665,96
2026-06-13,LV,aFRR,down,3.13625,96
2026-06-13,LV,aFRR,up,19.639895833333327,96
2026-06-13,LV,mFRR,down,19.37281250000001,96
2026-06-13,LV,mFRR,up,27.415416666666665,96
2026-06-14,EE,aFRR,down,47.3334375,96
2026-06-14,EE,aFRR,up,21.9396875,96
2026-06-14,EE,mFRR,down,129.98781250000002,96
2026-06-14,EE,mFRR,up,28.5771875,96
2026-06-14,LT,aFRR,down,47.3334375,96
2026-06-14,LT,aFRR,up,26.6765625,96
2026-06-14,LT,mFRR,down,129.98781250000002,96
2026-06-14,LT,mFRR,up,41.37072916666667,96
2026-06-14,LV,aFRR,down,47.3334375,96
2026-06-14,LV,aFRR,up,26.6765625,96
2026-06-14,LV,mFRR,down,129.98781250000002,96
2026-06-14,LV,mFRR,up,41.37072916666667,96
2026-06-15,EE,aFRR,down,7.157916666666668,96
2026-06-15,EE,aFRR,up,3.5565625,96
2026-06-15,EE,mFRR,down,27.367500000000003,96
2026-06-15,EE,mFRR,up,26.231458333333336,96
2026-06-15,LT,aFRR,down,7.157916666666668,96
2026-06-15,LT,aFRR,up,49.15583333333333,96
2026-06-15,LT,mFRR,down,27.367500000000003,96
2026-06-15,LT,mFRR,up,41.704375,96
2026-06-15,LV,aFRR,down,7.157916666666668,96
2026-06-15,LV,aFRR,up,49.15583333333333,96
2026-06-15,LV,mFRR,down,27.367500000000003,96
2026-06-15,LV,mFRR,up,41.704375,96
2026-06-16,EE,aFRR,down,6.310833333333332,96
2026-06-16,EE,aFRR,up,3.465104166666667,96
2026-06-16,EE,mFRR,down,12.202395833333334,96
2026-06-16,EE,mFRR,up,18.0525,96
2026-06-16,LT,aFRR,down,6.310833333333332,96
2026-06-16,LT,aFRR,up,8.885,96
2026-06-16,LT,mFRR,down,12.202395833333334,96
2026-06-16,LT,mFRR,up,24.74791666666667,96
2026-06-16,LV,aFRR,down,6.310833333333332,96
2026-06-16,LV,aFRR,up,8.885,96
2026-06-16,LV,mFRR,down,12.202395833333334,96
2026-06-16,LV,mFRR,up,24.74791666666667,96
2026-06-17,EE,aFRR,down,6.267604166666668,96
2026-06-17,EE,aFRR,up,10.450104166666664,96
2026-06-17,EE,mFRR,down,7.645833333333333,96
2026-06-17,EE,mFRR,up,29.29583333333333,96
2026-06-17,LT,aFRR,down,6.267604166666668,96
2026-06-17,LT,aFRR,up,16.513645833333335,96
2026-06-17,LT,mFRR,down,7.645833333333333,96
2026-06-17,LT,mFRR,up,37.93791666666666,96
2026-06-17,LV,aFRR,down,6.267604166666668,96
2026-06-17,LV,aFRR,up,16.513645833333335,96
2026-06-17,LV,mFRR,down,7.645833333333333,96
2026-06-17,LV,mFRR,up,37.93791666666666,96
2026-06-18,EE,aFRR,down,7.334895833333334,96
2026-06-18,EE,aFRR,up,1.7264583333333334,96
2026-06-18,EE,mFRR,down,10.359375,96
2026-06-18,EE,mFRR,up,3.192916666666666,96
2026-06-18,LT,aFRR,down,7.334895833333334,96
2026-06-18,LT,aFRR,up,59.96927083333333,96
2026-06-18,LT,mFRR,down,10.359375,96
2026-06-18,LT,mFRR,up,55.009375,96
2026-06-18,LV,aFRR,down,7.334895833333334,96
2026-06-18,LV,aFRR,up,59.96927083333333,96
2026-06-18,LV,mFRR,down,10.359375,96
2026-06-18,LV,mFRR,up,55.009375,96
2026-06-19,EE,aFRR,down,6.417604166666667,96
2026-06-19,EE,aFRR,up,3.584791666666668,96
2026-06-19,EE,mFRR,down,12.991041666666666,96
2026-06-19,EE,mFRR,up,8.280208333333333,96
2026-06-19,LT,aFRR,down,6.417604166666667,96
2026-06-19,LT,aFRR,up,28.85145833333334,96
2026-06-19,LT,mFRR,down,12.991041666666666,96
2026-06-19,LT,mFRR,up,35.842395833333335,96
2026-06-19,LV,aFRR,down,6.417604166666667,96
2026-06-19,LV,aFRR,up,28.85145833333334,96
2026-06-19,LV,mFRR,down,12.991041666666666,96
2026-06-19,LV,mFRR,up,35.842395833333335,96
2026-06-20,EE,aFRR,down,64.6440625,96
2026-06-20,EE,aFRR,up,5.854895833333334,96
2026-06-20,EE,mFRR,down,58.9671875,96
2026-06-20,EE,mFRR,up,11.509270833333334,96
2026-06-20,LT,aFRR,down,64.6440625,96
2026-06-20,LT,aFRR,up,6.1471875,96
2026-06-20,LT,mFRR,down,58.9671875,96
2026-06-20,LT,mFRR,up,12.1746875,96
2026-06-20,LV,aFRR,down,64.6440625,96
2026-06-20,LV,aFRR,up,6.1471875,96
2026-06-20,LV,mFRR,down,58.9671875,96
2026-06-20,LV,mFRR,up,12.1746875,96
2026-06-21,EE,aFRR,down,6.657499999999999,96
2026-06-21,EE,aFRR,up,2.1663541666666664,96
2026-06-21,EE,mFRR,down,21.00197916666667,96
2026-06-21,EE,mFRR,up,3.447083333333333,96
2026-06-21,LT,aFRR,down,6.657499999999999,96
2026-06-21,LT,aFRR,up,31.663333333333338,96
2026-06-21,LT,mFRR,down,21.00197916666667,96
2026-06-21,LT,mFRR,up,31.068854166666668,96
2026-06-21,LV,aFRR,down,6.657499999999999,96
2026-06-21,LV,aFRR,up,31.663333333333338,96
2026-06-21,LV,mFRR,down,21.00197916666667,96
2026-06-21,LV,mFRR,up,31.068854166666668,96
2026-06-22,EE,aFRR,down,10.498229166666668,96
2026-06-22,EE,aFRR,up,2.2745833333333336,96
2026-06-22,EE,mFRR,down,14.694479166666666,96
2026-06-22,EE,mFRR,up,10.780520833333334,96
2026-06-22,LT,aFRR,down,10.498229166666668,96
2026-06-22,LT,aFRR,up,11.8784375,96
2026-06-22,LT,mFRR,down,14.694479166666666,96
2026-06-22,LT,mFRR,up,23.78114583333333,96
2026-06-22,LV,aFRR,down,10.498229166666668,96
2026-06-22,LV,aFRR,up,11.8784375,96
2026-06-22,LV,mFRR,down,14.694479166666666,96
2026-06-22,LV,mFRR,up,23.78114583333333,96
2026-06-23,EE,aFRR,down,5.0147916666666665,96
2026-06-23,EE,aFRR,up,2.676250000000001,96
2026-06-23,EE,mFRR,down,9.298333333333334,96
2026-06-23,EE,mFRR,up,12.4909375,96
2026-06-23,LT,aFRR,down,5.0147916666666665,96
2026-06-23,LT,aFRR,up,10.82,96
2026-06-23,LT,mFRR,down,9.309270833333334,96
2026-06-23,LT,mFRR,up,22.828125,96
2026-06-23,LV,aFRR,down,5.0147916666666665,96
2026-06-23,LV,aFRR,up,10.82,96
2026-06-23,LV,mFRR,down,9.298333333333334,96
2026-06-23,LV,mFRR,up,22.828125,96
2026-06-24,EE,aFRR,down,17.1815625,96
2026-06-24,EE,aFRR,up,5.104375,96
2026-06-24,EE,mFRR,down,17.37875,96
2026-06-24,EE,mFRR,up,4.311979166666667,96
2026-06-24,LT,aFRR,down,17.1815625,96
2026-06-24,LT,aFRR,up,61.83197916666668,96
2026-06-24,LT,mFRR,down,17.37875,96
2026-06-24,LT,mFRR,up,45.627812500000005,96
2026-06-24,LV,aFRR,down,17.1815625,96
2026-06-24,LV,aFRR,up,61.83197916666668,96
2026-06-24,LV,mFRR,down,17.37875,96
2026-06-24,LV,mFRR,up,41.02364583333334,96
2026-06-25,EE,aFRR,down,6.486562500000001,96
2026-06-25,EE,aFRR,up,8.652604166666665,96
2026-06-25,EE,mFRR,down,16.89833333333333,96
2026-06-25,EE,mFRR,up,15.498333333333337,96
2026-06-25,LT,aFRR,down,6.486562500000001,96
2026-06-25,LT,aFRR,up,33.4546875,96
2026-06-25,LT,mFRR,down,16.89833333333333,96
2026-06-25,LT,mFRR,up,44.445833333333326,96
2026-06-25,LV,aFRR,down,6.486562500000001,96
2026-06-25,LV,aFRR,up,33.4546875,96
2026-06-25,LV,mFRR,down,16.89833333333333,96
2026-06-25,LV,mFRR,up,44.445833333333326,96
2026-06-26,EE,aFRR,down,7.8546875,96
2026-06-26,EE,aFRR,up,2.5710416666666664,96
2026-06-26,EE,mFRR,down,13.206875000000002,96
2026-06-26,EE,mFRR,up,11.6221875,96
2026-06-26,LT,aFRR,down,7.8546875,96
2026-06-26,LT,aFRR,up,12.8596875,96
2026-06-26,LT,mFRR,down,13.206875000000002,96
2026-06-26,LT,mFRR,up,17.047083333333333,96
2026-06-26,LV,aFRR,down,7.8546875,96
2026-06-26,LV,aFRR,up,12.667395833333336,96
2026-06-26,LV,mFRR,down,13.206875000000002,96
2026-06-26,LV,mFRR,up,15.924791666666666,96
2026-06-27,EE,aFRR,down,20.522604166666667,96
2026-06-27,EE,aFRR,up,12.213437499999998,96
2026-06-27,EE,mFRR,down,72.42010416666668,96
2026-06-27,EE,mFRR,up,23.773854166666663,96
2026-06-27,LT,aFRR,down,20.522604166666667,96
2026-06-27,LT,aFRR,up,24.532708333333336,96
2026-06-27,LT,mFRR,down,72.42010416666668,96
2026-06-27,LT,mFRR,up,29.61145833333333,96
2026-06-27,LV,aFRR,down,20.522604166666667,96
2026-06-27,LV,aFRR,up,24.532708333333336,96
2026-06-27,LV,mFRR,down,72.42010416666668,96
2026-06-27,LV,mFRR,up,29.61145833333333,96
2026-06-28,EE,aFRR,down,11.767291666666669,96
2026-06-28,EE,aFRR,up,2.600520833333333,96
2026-06-28,EE,mFRR,down,34.82541666666667,96
2026-06-28,EE,mFRR,up,5.912604166666667,96
2026-06-28,LT,aFRR,down,11.767291666666669,96
2026-06-28,LT,aFRR,up,46.11489583333334,96
2026-06-28,LT,mFRR,down,34.82541666666667,96
2026-06-28,LT,mFRR,up,22.38270833333333,96
2026-06-28,LV,aFRR,down,11.767291666666669,96
2026-06-28,LV,aFRR,up,46.11489583333334,96
2026-06-28,LV,mFRR,down,34.82541666666667,96
2026-06-28,LV,mFRR,up,22.38270833333333,96
2026-06-29,EE,aFRR,down,13.608541666666667,96
2026-06-29,EE,aFRR,up,1.3251041666666667,96
2026-06-29,EE,mFRR,down,13.474166666666669,96
2026-06-29,EE,mFRR,up,4.1725,96
2026-06-29,LT,aFRR,down,13.608541666666667,96
2026-06-29,LT,aFRR,up,39.85322916666667,96
2026-06-29,LT,mFRR,down,13.474166666666669,96
2026-06-29,LT,mFRR,up,39.76552083333333,96
2026-06-29,LV,aFRR,down,13.608541666666667,96
2026-06-29,LV,aFRR,up,39.78145833333334,96
2026-06-29,LV,mFRR,down,13.474166666666669,96
2026-06-29,LV,mFRR,up,39.49697916666667,96
2026-06-30,EE,aFRR,down,25.488645833333333,96
2026-06-30,EE,aFRR,up,10.491562500000002,96
2026-06-30,EE,mFRR,down,63.675416666666656,96
2026-06-30,EE,mFRR,up,9.247916666666669,96
2026-06-30,LT,aFRR,down,25.488645833333333,96
2026-06-30,LT,aFRR,up,22.667708333333334,96
2026-06-30,LT,mFRR,down,63.675416666666656,96
2026-06-30,LT,mFRR,up,21.336875000000003,96
2026-06-30,LV,aFRR,down,25.488645833333333,96
2026-06-30,LV,aFRR,up,21.73364583333333,96
2026-06-30,LV,mFRR,down,63.675416666666656,96
2026-06-30,LV,mFRR,up,20.672812500000003,96
2026-07-01,EE,aFRR,down,2.328020833333333,96
2026-07-01,EE,aFRR,up,0.5775,96
2026-07-01,EE,mFRR,down,14.585937500000004,96
2026-07-01,EE,mFRR,up,2.247604166666666,96
2026-07-01,LT,aFRR,down,2.328020833333333,96
2026-07-01,LT,aFRR,up,87.11947916666666,96
2026-07-01,LT,mFRR,down,14.585937500000004,96
2026-07-01,LT,mFRR,up,51.22239583333333,96
2026-07-01,LV,aFRR,down,2.328020833333333,96
2026-07-01,LV,aFRR,up,71.22114583333332,96
2026-07-01,LV,mFRR,down,14.585937500000004,96
2026-07-01,LV,mFRR,up,49.30104166666667,96
2026-07-02,EE,aFRR,down,5.034062499999999,96
2026-07-02,EE,aFRR,up,2.203958333333333,96
2026-07-02,EE,mFRR,down,8.838229166666666,96
2026-07-02,EE,mFRR,up,6.126145833333333,96
2026-07-02,LT,aFRR,down,5.034062499999999,96
2026-07-02,LT,aFRR,up,38.06208333333333,96
2026-07-02,LT,mFRR,down,8.838229166666666,96
2026-07-02,LT,mFRR,up,32.078854166666666,96
2026-07-02,LV,aFRR,down,5.034062499999999,96
2026-07-02,LV,aFRR,up,38.06208333333333,96
2026-07-02,LV,mFRR,down,8.838229166666666,96
2026-07-02,LV,mFRR,up,32.078854166666666,96
2026-07-03,EE,aFRR,down,3.2706250000000003,96
2026-07-03,EE,aFRR,up,2.0725,96
2026-07-03,EE,mFRR,down,5.1078125000000005,96
2026-07-03,EE,mFRR,up,7.258437499999999,96
2026-07-03,LT,aFRR,down,3.306458333333333,96
2026-07-03,LT,aFRR,up,32.2590625,96
2026-07-03,LT,mFRR,down,5.151562500000001,96
2026-07-03,LT,mFRR,up,33.003750000000004,96
2026-07-03,LV,aFRR,down,3.306458333333333,96
2026-07-03,LV,aFRR,up,32.2590625,96
2026-07-03,LV,mFRR,down,5.151562500000001,96
2026-07-03,LV,mFRR,up,33.003750000000004,96
2026-07-04,EE,aFRR,down,5.0028125,96
2026-07-04,EE,aFRR,up,2.692604166666667,96
2026-07-04,EE,mFRR,down,5.0090625,96
2026-07-04,EE,mFRR,up,4.331979166666667,96
2026-07-04,LT,aFRR,down,5.0028125,96
2026-07-04,LT,aFRR,up,11.238333333333337,96
2026-07-04,LT,mFRR,down,5.067708333333334,96
2026-07-04,LT,mFRR,up,13.132916666666668,96
2026-07-04,LV,aFRR,down,5.0028125,96
2026-07-04,LV,aFRR,up,11.238333333333337,96
2026-07-04,LV,mFRR,down,5.067708333333334,96
2026-07-04,LV,mFRR,up,13.132916666666668,96
2026-07-05,EE,aFRR,down,5.191041666666667,96
2026-07-05,EE,aFRR,up,2.247604166666666,96
2026-07-05,EE,mFRR,down,6.028958333333333,96
2026-07-05,EE,mFRR,up,3.4028125,96
2026-07-05,LT,aFRR,down,5.948645833333333,96
2026-07-05,LT,aFRR,up,11.6675,96
2026-07-05,LT,mFRR,down,6.227604166666666,96
2026-07-05,LT,mFRR,up,13.355625000000002,96
2026-07-05,LV,aFRR,down,5.948645833333333,96
2026-07-05,LV,aFRR,up,11.6675,96
2026-07-05,LV,mFRR,down,6.227604166666666,96
2026-07-05,LV,mFRR,up,13.355625000000002,96
2026-07-06,EE,aFRR,down,6.313541666666666,96
2026-07-06,EE,aFRR,up,2.1488541666666667,96
2026-07-06,EE,mFRR,down,7.236666666666667,96
2026-07-06,EE,mFRR,up,4.181354166666666,96
2026-07-06,LT,aFRR,down,6.348749999999999,96
2026-07-06,LT,aFRR,up,19.75916666666667,96
2026-07-06,LT,mFRR,down,7.414791666666666,96
2026-07-06,LT,mFRR,up,19.667291666666667,96
2026-07-06,LV,aFRR,down,6.348749999999999,96
2026-07-06,LV,aFRR,up,19.75916666666667,96
2026-07-06,LV,mFRR,down,7.414791666666666,96
2026-07-06,LV,mFRR,up,19.667291666666667,96
2026-07-07,EE,aFRR,down,9.943854166666666,96
2026-07-07,EE,aFRR,up,3.1696875,96
2026-07-07,EE,mFRR,down,12.0009375,96
2026-07-07,EE,mFRR,up,5.6421875,96
2026-07-07,LT,aFRR,down,15.842604166666668,96
2026-07-07,LT,aFRR,up,6.891249999999999,96
2026-07-07,LT,mFRR,down,15.448541666666666,96
2026-07-07,LT,mFRR,up,10.239583333333334,96
2026-07-07,LV,aFRR,down,15.842604166666668,96
2026-07-07,LV,aFRR,up,6.891249999999999,96
2026-07-07,LV,mFRR,down,15.448541666666666,96
2026-07-07,LV,mFRR,up,10.239583333333334,96
2026-07-08,EE,aFRR,down,9.6496875,96
2026-07-08,EE,aFRR,up,0.5544791666666666,96
2026-07-08,EE,mFRR,down,8.77875,96
2026-07-08,EE,mFRR,up,1.3758333333333332,96
2026-07-08,LT,aFRR,down,9.6496875,96
2026-07-08,LT,aFRR,up,44.55979166666668,96
2026-07-08,LT,mFRR,down,8.77875,96
2026-07-08,LT,mFRR,up,46.88916666666666,96
2026-07-08,LV,aFRR,down,9.6496875,96
2026-07-08,LV,aFRR,up,44.55979166666668,96
2026-07-08,LV,mFRR,down,8.77875,96
2026-07-08,LV,mFRR,up,46.88916666666666,96
2026-07-11,EE,aFRR,down,5.631666666666667,96
2026-07-11,EE,aFRR,up,2.960625,96
2026-07-11,EE,mFRR,down,6.950729166666666,96
2026-07-11,EE,mFRR,up,6.137083333333333,96
2026-07-11,LT,aFRR,down,5.631666666666667,96
2026-07-11,LT,aFRR,up,30.547291666666663,96
2026-07-11,LT,mFRR,down,6.950729166666666,96
2026-07-11,LT,mFRR,up,25.858229166666664,96
2026-07-11,LV,aFRR,down,5.631666666666667,96
2026-07-11,LV,aFRR,up,30.547291666666663,96
2026-07-11,LV,mFRR,down,6.950729166666666,96
2026-07-11,LV,mFRR,up,25.858229166666664,96
2026-07-12,EE,aFRR,down,13.5871875,96
2026-07-12,EE,aFRR,up,2.3209375,96
2026-07-12,EE,mFRR,down,13.528854166666669,96
2026-07-12,EE,mFRR,up,5.209479166666667,96
2026-07-12,LT,aFRR,down,13.5871875,96
2026-07-12,LT,aFRR,up,58.349895833333335,96
2026-07-12,LT,mFRR,down,13.528854166666669,96
2026-07-12,LT,mFRR,up,46.078854166666666,96
2026-07-12,LV,aFRR,down,13.5871875,96
2026-07-12,LV,aFRR,up,58.349895833333335,96
2026-07-12,LV,mFRR,down,13.528854166666669,96
2026-07-12,LV,mFRR,up,46.078854166666666,96
2026-07-13,EE,aFRR,down,9.2415625,96
2026-07-13,EE,aFRR,up,2.6509375,96
2026-07-13,EE,mFRR,down,8.2578125,96
2026-07-13,EE,mFRR,up,5.226666666666668,96
2026-07-13,LT,aFRR,down,9.2415625,96
2026-07-13,LT,aFRR,up,20.3178125,96
2026-07-13,LT,mFRR,down,8.2578125,96
2026-07-13,LT,mFRR,up,20.681979166666668,96
2026-07-13,LV,aFRR,down,9.2415625,96
2026-07-13,LV,aFRR,up,20.3178125,96
2026-07-13,LV,mFRR,down,8.2578125,96
2026-07-13,LV,mFRR,up,20.681979166666668,96
2026-07-14,EE,aFRR,down,11.281979166666668,96
2026-07-14,EE,aFRR,up,0.9048958333333332,96
2026-07-14,EE,mFRR,down,11.4221875,96
2026-07-14,EE,mFRR,up,2.865,96
2026-07-14,LT,aFRR,down,11.281979166666668,96
2026-07-14,LT,aFRR,up,69.07104166666666,96
2026-07-14,LT,mFRR,down,11.4221875,96
2026-07-14,LT,mFRR,up,43.2809375,96
2026-07-14,LV,aFRR,down,11.281979166666668,96
2026-07-14,LV,aFRR,up,66.60125,96
2026-07-14,LV,mFRR,down,11.4221875,96
2026-07-14,LV,mFRR,up,42.454687500000006,96
2026-07-15,EE,aFRR,down,23.07708333333333,96
2026-07-15,EE,aFRR,up,5.869270833333334,96
2026-07-15,EE,mFRR,down,15.989791666666669,96
2026-07-15,EE,mFRR,up,9.3221875,96
2026-07-15,LT,aFRR,down,23.07708333333333,96
2026-07-15,LT,aFRR,up,34.40833333333333,96
2026-07-15,LT,mFRR,down,15.989791666666669,96
2026-07-15,LT,mFRR,up,30.973125,96
2026-07-15,LV,aFRR,down,23.07708333333333,96
2026-07-15,LV,aFRR,up,33.123958333333334,96
2026-07-15,LV,mFRR,down,15.989791666666669,96
2026-07-15,LV,mFRR,up,30.477604166666666,96
2026-07-16,EE,aFRR,down,8.289375,96
2026-07-16,EE,aFRR,up,2.2535416666666666,96
2026-07-16,EE,mFRR,down,8.977291666666666,96
2026-07-16,EE,mFRR,up,7.662916666666667,96
2026-07-16,LT,aFRR,down,8.289375,96
2026-07-16,LT,aFRR,up,53.282916666666665,96
2026-07-16,LT,mFRR,down,8.977291666666666,96
2026-07-16,LT,mFRR,up,39.571562500000006,96
2026-07-16,LV,aFRR,down,8.289375,96
2026-07-16,LV,aFRR,up,53.282916666666665,96
2026-07-16,LV,mFRR,down,8.977291666666666,96
2026-07-16,LV,mFRR,up,39.571562500000006,96
2026-07-17,EE,aFRR,down,6.2396875,96
2026-07-17,EE,aFRR,up,5.322916666666666,96
2026-07-17,EE,mFRR,down,7.210625,96
2026-07-17,EE,mFRR,up,9.676875,96
2026-07-17,LT,aFRR,down,6.064687500000001,96
2026-07-17,LT,aFRR,up,42.0225,96
2026-07-17,LT,mFRR,down,7.20625,96
2026-07-17,LT,mFRR,up,32.47385416666666,96
2026-07-17,LV,aFRR,down,6.064687500000001,96
2026-07-17,LV,aFRR,up,40.72479166666667,96
2026-07-17,LV,mFRR,down,7.20625,96
2026-07-17,LV,mFRR,up,31.9240625,96
2026-07-18,EE,aFRR,down,5.003125,96
2026-07-18,EE,aFRR,up,1.2412500000000002,96
2026-07-18,EE,mFRR,down,6.4465625,96
2026-07-18,EE,mFRR,up,3.072395833333333,96
2026-07-18,LT,aFRR,down,4.599270833333333,96
2026-07-18,LT,aFRR,up,31.502291666666668,96
2026-07-18,LT,mFRR,down,6.3984375,96
2026-07-18,LT,mFRR,up,30.28708333333333,96
2026-07-18,LV,aFRR,down,4.599270833333333,96
2026-07-18,LV,aFRR,up,31.502291666666668,96
2026-07-18,LV,mFRR,down,6.3984375,96
2026-07-18,LV,mFRR,up,30.28708333333333,96
2026-07-19,EE,aFRR,down,12.466875000000002,96
2026-07-19,EE,aFRR,up,2.2569791666666665,96
2026-07-19,EE,mFRR,down,16.483333333333334,96
2026-07-19,EE,mFRR,up,7.721354166666667,96
2026-07-19,LT,aFRR,down,12.666666666666666,96
2026-07-19,LT,aFRR,up,36.0325,96
2026-07-19,LT,mFRR,down,16.776770833333334,96
2026-07-19,LT,mFRR,up,23.359375,96
2026-07-19,LV,aFRR,down,12.466875000000002,96
2026-07-19,LV,aFRR,up,36.0325,96
2026-07-19,LV,mFRR,down,16.483333333333334,96
2026-07-19,LV,mFRR,up,23.359375,96
2026-07-20,EE,aFRR,down,6.394270833333333,96
2026-07-20,EE,aFRR,up,1.3429166666666663,96
2026-07-20,EE,mFRR,down,7.925833333333334,96
2026-07-20,EE,mFRR,up,3.4296875,96
2026-07-20,LT,aFRR,down,6.394270833333333,96
2026-07-20,LT,aFRR,up,75.46416666666667,96
2026-07-20,LT,mFRR,down,7.925833333333334,96
2026-07-20,LT,mFRR,up,50.59979166666667,96
2026-07-20,LV,aFRR,down,6.394270833333333,96
2026-07-20,LV,aFRR,up,64.92979166666667,96
2026-07-20,LV,mFRR,down,7.925833333333334,96
2026-07-20,LV,mFRR,up,44.95229166666666,96
2026-07-21,EE,aFRR,down,5.449375000000001,96
2026-07-21,EE,aFRR,up,2.203020833333333,96
2026-07-21,EE,mFRR,down,5.602083333333333,96
2026-07-21,EE,mFRR,up,6.417812500000001,96
2026-07-21,LT,aFRR,down,5.449375000000001,96
2026-07-21,LT,aFRR,up,31.59447916666667,96
2026-07-21,LT,mFRR,down,5.602083333333333,96
2026-07-21,LT,mFRR,up,24.7578125,96
2026-07-21,LV,aFRR,down,5.449375000000001,96
2026-07-21,LV,aFRR,up,31.59447916666667,96
2026-07-21,LV,mFRR,down,5.602083333333333,96
2026-07-21,LV,mFRR,up,24.7578125,96
2026-07-22,EE,aFRR,down,14.0725,96
2026-07-22,EE,aFRR,up,1.4696875,96
2026-07-22,EE,mFRR,down,11.3346875,96
2026-07-22,EE,mFRR,up,4.479895833333333,96
2026-07-22,LT,aFRR,down,14.0725,96
2026-07-22,LT,aFRR,up,51.43229166666666,96
2026-07-22,LT,mFRR,down,11.3346875,96
2026-07-22,LT,mFRR,up,39.90947916666666,96
2026-07-22,LV,aFRR,down,14.0725,96
2026-07-22,LV,aFRR,up,51.43229166666666,96
2026-07-22,LV,mFRR,down,11.3346875,96
2026-07-22,LV,mFRR,up,39.90947916666666,96
2026-07-23,EE,aFRR,down,12.6146875,96
2026-07-23,EE,aFRR,up,3.467395833333333,96
2026-07-23,EE,mFRR,down,14.7871875,96
2026-07-23,EE,mFRR,up,10.515,96
2026-07-23,LT,aFRR,down,12.6146875,96
2026-07-23,LT,aFRR,up,12.101666666666668,96
2026-07-23,LT,mFRR,down,14.7871875,96
2026-07-23,LT,mFRR,up,18.657604166666665,96
2026-07-23,LV,aFRR,down,12.6146875,96
2026-07-23,LV,aFRR,up,12.101666666666668,96
2026-07-23,LV,mFRR,down,14.7871875,96
2026-07-23,LV,mFRR,up,18.657604166666665,96
2026-07-24,EE,aFRR,down,19.223854166666666,96
2026-07-24,EE,aFRR,up,1.4820833333333334,96
2026-07-24,EE,mFRR,down,16.892812499999998,96
2026-07-24,EE,mFRR,up,4.570833333333334,96
2026-07-24,LT,aFRR,down,19.223854166666666,96
2026-07-24,LT,aFRR,up,37.364583333333336,96
2026-07-24,LT,mFRR,down,16.892812499999998,96
2026-07-24,LT,mFRR,up,34.49635416666667,96
2026-07-24,LV,aFRR,down,19.223854166666666,96
2026-07-24,LV,aFRR,up,37.364583333333336,96
2026-07-24,LV,mFRR,down,16.892812499999998,96
2026-07-24,LV,mFRR,up,34.49635416666667,96
2026-07-25,EE,aFRR,down,5.6725,96
2026-07-25,EE,aFRR,up,3.1133333333333333,96
2026-07-25,EE,mFRR,down,7.456874999999999,96
2026-07-25,EE,mFRR,up,8.415416666666667,96
2026-07-25,LT,aFRR,down,5.6725,96
2026-07-25,LT,aFRR,up,18.55364583333333,96
2026-07-25,LT,mFRR,down,7.456874999999999,96
2026-07-25,LT,mFRR,up,23.3240625,96
2026-07-25,LV,aFRR,down,5.6725,96
2026-07-25,LV,aFRR,up,18.55364583333333,96
2026-07-25,LV,mFRR,down,7.456874999999999,96
2026-07-25,LV,mFRR,up,23.3240625,96
2026-07-26,EE,aFRR,down,4.984270833333333,96
2026-07-26,EE,aFRR,up,1.3819791666666663,96
2026-07-26,EE,mFRR,down,5.009895833333333,96
2026-07-26,EE,mFRR,up,3.036354166666667,96
2026-07-26,LT,aFRR,down,5.281666666666667,96
2026-07-26,LT,aFRR,up,17.021041666666665,96
2026-07-26,LT,mFRR,down,5.380520833333333,96
2026-07-26,LT,mFRR,up,16.0596875,96
2026-07-26,LV,aFRR,down,4.984270833333333,96
2026-07-26,LV,aFRR,up,17.021041666666665,96
2026-07-26,LV,mFRR,down,5.009895833333333,96
2026-07-26,LV,mFRR,up,16.0596875,96
2026-07-27,EE,aFRR,down,7.8075,96
2026-07-27,EE,aFRR,up,3.7429166666666673,96
2026-07-27,EE,mFRR,down,8.503020833333332,96
2026-07-27,EE,mFRR,up,7.816770833333334,96
2026-07-27,LT,aFRR,down,7.436666666666667,96
2026-07-27,LT,aFRR,up,23.550729166666667,96
2026-07-27,LT,mFRR,down,8.503020833333332,96
2026-07-27,LT,mFRR,up,29.378437500000004,96
2026-07-27,LV,aFRR,down,7.436666666666667,96
2026-07-27,LV,aFRR,up,23.550729166666667,96
2026-07-27,LV,mFRR,down,8.503020833333332,96
2026-07-27,LV,mFRR,up,29.378437500000004,96
2026-07-28,EE,aFRR,down,4.992916666666666,96
2026-07-28,EE,aFRR,up,1.44125,96
2026-07-28,EE,mFRR,down,2.8134375000000005,96
2026-07-28,EE,mFRR,up,2.7592708333333333,96
2026-07-28,LT,aFRR,down,2.338645833333333,96
2026-07-28,LT,aFRR,up,17.3209375,96
2026-07-28,LT,mFRR,down,2.776250000000001,96
2026-07-28,LT,mFRR,up,18.383854166666666,96
2026-07-28,LV,aFRR,down,2.338645833333333,96
2026-07-28,LV,aFRR,up,17.3209375,96
2026-07-28,LV,mFRR,down,2.776250000000001,96
2026-07-28,LV,mFRR,up,18.383854166666666,96
2026-07-29,EE,aFRR,down,15.37010416666667,96
2026-07-29,EE,aFRR,up,3.370520833333334,96
2026-07-29,EE,mFRR,down,13.471354166666666,96
2026-07-29,EE,mFRR,up,7.837395833333333,96
2026-07-29,LT,aFRR,down,15.758020833333337,96
2026-07-29,LT,aFRR,up,8.5209375,96
2026-07-29,LT,mFRR,down,13.647395833333334,96
2026-07-29,LT,mFRR,up,13.706875000000002,96
2026-07-29,LV,aFRR,down,15.37010416666667,96
2026-07-29,LV,aFRR,up,8.5209375,96
2026-07-29,LV,mFRR,down,13.471354166666666,96
2026-07-29,LV,mFRR,up,13.706875000000002,96
2026-07-30,EE,aFRR,down,12.666041666666668,96
2026-07-30,EE,aFRR,up,2.4934375,96
2026-07-30,EE,mFRR,down,11.3259375,96
2026-07-30,EE,mFRR,up,8.386562499999998,96
2026-07-30,LT,aFRR,down,17.159791666666667,96
2026-07-30,LT,aFRR,up,9.301979166666667,96
2026-07-30,LT,mFRR,down,12.765416666666669,96
2026-07-30,LT,mFRR,up,12.259583333333332,96
2026-07-30,LV,aFRR,down,12.666041666666668,96
2026-07-30,LV,aFRR,up,9.301979166666667,96
2026-07-30,LV,mFRR,down,11.3259375,96
2026-07-30,LV,mFRR,up,12.259583333333332,96
2026-07-31,EE,aFRR,down,7.643958333333333,96
2026-07-31,EE,aFRR,up,1.6202083333333333,96
2026-07-31,EE,mFRR,down,8.2825,96
2026-07-31,EE,mFRR,up,4.494166666666667,96
2026-07-31,LT,aFRR,down,7.643958333333333,96
2026-07-31,LT,aFRR,up,30.537500000000005,96
2026-07-31,LT,mFRR,down,8.2825,96
2026-07-31,LT,mFRR,up,31.584479166666668,96
2026-07-31,LV,aFRR,down,7.643958333333333,96
2026-07-31,LV,aFRR,up,30.537500000000005,96
2026-07-31,LV,mFRR,down,8.2825,96
2026-07-31,LV,mFRR,up,31.584479166666668,96
2026-08-01,EE,aFRR,down,12.205416666666665,96
2026-08-01,EE,aFRR,up,1.8576041666666665,96
2026-08-01,EE,mFRR,down,10.6603125,96
2026-08-01,EE,mFRR,up,6.306979166666667,96
2026-08-01,LT,aFRR,down,12.264791666666666,96
2026-08-01,LT,aFRR,up,22.300520833333334,96
2026-08-01,LT,mFRR,down,10.764479166666666,96
2026-08-01,LT,mFRR,up,24.0115625,96
2026-08-01,LV,aFRR,down,12.205416666666665,96
2026-08-01,LV,aFRR,up,22.300520833333334,96
2026-08-01,LV,mFRR,down,10.6603125,96
2026-08-01,LV,mFRR,up,24.0115625,96
2026-08-02,EE,aFRR,down,5.679166666666667,96
2026-08-02,EE,aFRR,up,0.9545833333333332,96
2026-08-02,EE,mFRR,down,6.330312500000001,96
2026-08-02,EE,mFRR,up,2.302083333333333,96
2026-08-02,LT,aFRR,down,5.369270833333334,96
2026-08-02,LT,aFRR,up,27.56927083333333,96
2026-08-02,LT,mFRR,down,6.3228125,96
2026-08-02,LT,mFRR,up,18.9846875,96
2026-08-02,LV,aFRR,down,5.369270833333334,96
2026-08-02,LV,aFRR,up,27.56927083333333,96
2026-08-02,LV,mFRR,down,6.3228125,96
2026-08-02,LV,mFRR,up,18.9846875,96
2026-08-03,EE,aFRR,down,9.524166666666666,96
2026-08-03,EE,aFRR,up,2.9063541666666666,96
2026-08-03,EE,mFRR,down,9.0334375,96
2026-08-03,EE,mFRR,up,7.857708333333335,96
2026-08-03,LT,aFRR,down,9.524166666666666,96
2026-08-03,LT,aFRR,up,6.766979166666668,96
2026-08-03,LT,mFRR,down,9.0334375,96
2026-08-03,LT,mFRR,up,10.765104166666667,96
2026-08-03,LV,aFRR,down,9.524166666666666,96
2026-08-03,LV,aFRR,up,6.766979166666668,96
2026-08-03,LV,mFRR,down,9.0334375,96
2026-08-03,LV,mFRR,up,10.765104166666667,96
2026-08-04,EE,aFRR,down,5.000729166666667,96
2026-08-04,EE,aFRR,up,1.0998958333333333,96
2026-08-04,EE,mFRR,down,5.619166666666668,96
2026-08-04,EE,mFRR,up,2.296875,96
2026-08-04,LT,aFRR,down,5.000729166666667,96
2026-08-04,LT,aFRR,up,30.10708333333333,96
2026-08-04,LT,mFRR,down,5.619166666666668,96
2026-08-04,LT,mFRR,up,29.863541666666663,96
2026-08-04,LV,aFRR,down,5.000729166666667,96
2026-08-04,LV,aFRR,up,30.10708333333333,96
2026-08-04,LV,mFRR,down,5.619166666666668,96
2026-08-04,LV,mFRR,up,29.863541666666663,96
2026-08-05,EE,aFRR,down,5.195,96
2026-08-05,EE,aFRR,up,1.4754166666666666,96
2026-08-05,EE,mFRR,down,5.4321875,96
2026-08-05,EE,mFRR,up,3.116666666666667,96
2026-08-05,LT,aFRR,down,5.153333333333333,96
2026-08-05,LT,aFRR,up,24.2103125,96
2026-08-05,LT,mFRR,down,5.4321875,96
2026-08-05,LT,mFRR,up,24.67125,96
2026-08-05,LV,aFRR,down,5.153333333333333,96
2026-08-05,LV,aFRR,up,24.2103125,96
2026-08-05,LV,mFRR,down,5.4321875,96
2026-08-05,LV,mFRR,up,24.67125,96
2026-08-06,EE,aFRR,down,8.680833333333334,96
2026-08-06,EE,aFRR,up,1.9883333333333333,96
2026-08-06,EE,mFRR,down,7.797708333333333,96
2026-08-06,EE,mFRR,up,2.800104166666666,96
2026-08-06,LT,aFRR,down,8.680833333333334,96
2026-08-06,LT,aFRR,up,19.79520833333333,96
2026-08-06,LT,mFRR,down,7.797708333333333,96
2026-08-06,LT,mFRR,up,18.902395833333333,96
2026-08-06,LV,aFRR,down,8.680833333333334,96
2026-08-06,LV,aFRR,up,19.79520833333333,96
2026-08-06,LV,mFRR,down,7.797708333333333,96
2026-08-06,LV,mFRR,up,18.902395833333333,96
2026-08-07,EE,aFRR,down,4.459270833333334,96
2026-08-07,EE,aFRR,up,1.7722916666666666,96
2026-08-07,EE,mFRR,down,4.458749999999999,96
2026-08-07,EE,mFRR,up,3.1456250000000003,96
2026-08-07,LT,aFRR,down,4.391979166666667,96
2026-08-07,LT,aFRR,up,10.635,96
2026-08-07,LT,mFRR,down,4.455520833333334,96
2026-08-07,LT,mFRR,up,13.7028125,96
2026-08-07,LV,aFRR,down,4.391979166666667,96
2026-08-07,LV,aFRR,up,10.635,96
2026-08-07,LV,mFRR,down,4.455520833333334,96
2026-08-07,LV,mFRR,up,13.7028125,96
2026-08-08,EE,aFRR,down,6.448541666666666,96
2026-08-08,EE,aFRR,up,1.7094791666666669,96
2026-08-08,EE,mFRR,down,5.976458333333333,96
2026-08-08,EE,mFRR,up,3.488125,96
2026-08-08,LT,aFRR,down,6.587083333333333,96
2026-08-08,LT,aFRR,up,6.620625,96
2026-08-08,LT,mFRR,down,5.927500000000001,96
2026-08-08,LT,mFRR,up,8.208020833333334,96
2026-08-08,LV,aFRR,down,6.399583333333333,96
2026-08-08,LV,aFRR,up,6.620625,96
2026-08-08,LV,mFRR,down,5.927500000000001,96
2026-08-08,LV,mFRR,up,8.208020833333334,96
2026-08-09,EE,aFRR,down,4.822916666666667,96
2026-08-09,EE,aFRR,up,1.115,96
2026-08-09,EE,mFRR,down,4.8646875,96
2026-08-09,EE,mFRR,up,2.6322916666666667,96
2026-08-09,LT,aFRR,down,4.822916666666667,96
2026-08-09,LT,aFRR,up,4.989375,96
2026-08-09,LT,mFRR,down,4.8646875,96
2026-08-09,LT,mFRR,up,6.6796875,96
2026-08-09,LV,aFRR,down,4.822916666666667,96
2026-08-09,LV,aFRR,up,4.989375,96
2026-08-09,LV,mFRR,down,4.8646875,96
2026-08-09,LV,mFRR,up,6.6796875,96
2026-08-10,EE,aFRR,down,4.460416666666667,96
2026-08-10,EE,aFRR,up,1.4979166666666666,96
2026-08-10,EE,mFRR,down,3.6696875000000007,96
2026-08-10,EE,mFRR,up,2.0235416666666666,96
2026-08-10,LT,aFRR,down,4.4870833333333335,96
2026-08-10,LT,aFRR,up,8.311354166666668,96
2026-08-10,LT,mFRR,down,3.617604166666668,96
2026-08-10,LT,mFRR,up,9.338020833333331,96
2026-08-10,LV,aFRR,down,4.458333333333333,96
2026-08-10,LV,aFRR,up,8.311354166666668,96
2026-08-10,LV,mFRR,down,3.617604166666668,96
2026-08-10,LV,mFRR,up,9.338020833333331,96
2026-08-11,EE,aFRR,down,2.8534375,96
2026-08-11,EE,aFRR,up,1.3647916666666664,96
2026-08-11,EE,mFRR,down,2.644375,96
2026-08-11,EE,mFRR,up,2.775729166666667,96
2026-08-11,LT,aFRR,down,2.5659375,96
2026-08-11,LT,aFRR,up,11.773020833333334,96
2026-08-11,LT,mFRR,down,2.6138541666666666,96
2026-08-11,LT,mFRR,up,11.509791666666668,96
2026-08-11,LV,aFRR,down,2.5659375,96
2026-08-11,LV,aFRR,up,11.773020833333334,96
2026-08-11,LV,mFRR,down,2.6138541666666666,96
2026-08-11,LV,mFRR,up,11.509791666666668,96
2026-08-12,EE,aFRR,down,3.867083333333333,96
2026-08-12,EE,aFRR,up,1.7510416666666666,96
2026-08-12,EE,mFRR,down,4.595624999999999,96
2026-08-12,EE,mFRR,up,5.340520833333334,96
2026-08-12,LT,aFRR,down,3.867083333333333,96
2026-08-12,LT,aFRR,up,26.3615625,96
2026-08-12,LT,mFRR,down,4.595624999999999,96
2026-08-12,LT,mFRR,up,24.152708333333333,96
2026-08-12,LV,aFRR,down,3.867083333333333,96
2026-08-12,LV,aFRR,up,26.3615625,96
2026-08-12,LV,mFRR,down,4.595624999999999,96
2026-08-12,LV,mFRR,up,24.152708333333333,96
2026-08-13,EE,aFRR,down,3.3363541666666663,96
2026-08-13,EE,aFRR,up,1.0804166666666666,96
2026-08-13,EE,mFRR,down,3.592708333333333,96
2026-08-13,EE,mFRR,up,2.7025,96
2026-08-13,LT,aFRR,down,3.3219791666666665,96
2026-08-13,LT,aFRR,up,74.79510416666666,96
2026-08-13,LT,mFRR,down,3.592708333333333,96
2026-08-13,LT,mFRR,up,66.1775,96
2026-08-13,LV,aFRR,down,3.3219791666666665,96
2026-08-13,LV,aFRR,up,74.79510416666666,96
2026-08-13,LV,mFRR,down,3.592708333333333,96
2026-08-13,LV,mFRR,up,66.1775,96
2026-08-14,EE,aFRR,down,4.5129166666666665,96
2026-08-14,EE,aFRR,up,2.4952083333333337,96
2026-08-14,EE,mFRR,down,4.714479166666666,96
2026-08-14,EE,mFRR,up,6.306249999999999,96
2026-08-14,LT,aFRR,down,4.5129166666666665,96
2026-08-14,LT,aFRR,up,8.622395833333334,96
2026-08-14,LT,mFRR,down,4.714479166666666,96
2026-08-14,LT,mFRR,up,10.531770833333333,96
2026-08-14,LV,aFRR,down,4.5129166666666665,96
2026-08-14,LV,aFRR,up,8.622395833333334,96
2026-08-14,LV,mFRR,down,4.714479166666666,96
2026-08-14,LV,mFRR,up,10.531770833333333,96
2026-08-15,EE,aFRR,down,3.683645833333333,96
2026-08-15,EE,aFRR,up,1.86,96
2026-08-15,EE,mFRR,down,4.1788541666666665,96
2026-08-15,EE,mFRR,up,4.332708333333333,96
2026-08-15,LT,aFRR,down,3.8370833333333336,96
2026-08-15,LT,aFRR,up,21.593854166666663,96
2026-08-15,LT,mFRR,down,4.1788541666666665,96
2026-08-15,LT,mFRR,up,23.566354166666667,96
2026-08-15,LV,aFRR,down,3.683645833333333,96
2026-08-15,LV,aFRR,up,21.593854166666663,96
2026-08-15,LV,mFRR,down,4.1788541666666665,96
2026-08-15,LV,mFRR,up,23.566354166666667,96
2026-08-16,EE,aFRR,down,3.8684375,96
2026-08-16,EE,aFRR,up,1.6808333333333334,96
2026-08-16,EE,mFRR,down,4.002604166666667,96
2026-08-16,EE,mFRR,up,2.473020833333333,96
2026-08-16,LT,aFRR,down,3.8059375,96
2026-08-16,LT,aFRR,up,11.3015625,96
2026-08-16,LT,mFRR,down,3.994375,96
2026-08-16,LT,mFRR,up,11.433749999999998,96
2026-08-16,LV,aFRR,down,3.8059375,96
2026-08-16,LV,aFRR,up,11.3015625,96
2026-08-16,LV,mFRR,down,3.994375,96
2026-08-16,LV,mFRR,up,11.433749999999998,96
2026-08-17,EE,aFRR,down,15.379791666666668,96
2026-08-17,EE,aFRR,up,4.655,96
2026-08-17,EE,mFRR,down,15.039375,96
2026-08-17,EE,mFRR,up,4.945520833333333,96
2026-08-17,LT,aFRR,down,15.252708333333333,96
2026-08-17,LT,aFRR,up,40.57791666666667,96
2026-08-17,LT,mFRR,down,15.019687500000002,96
2026-08-17,LT,mFRR,up,34.172604166666666,96
2026-08-17,LV,aFRR,down,15.252708333333333,96
2026-08-17,LV,aFRR,up,40.57791666666667,96
2026-08-17,LV,mFRR,down,15.019687500000002,96
2026-08-17,LV,mFRR,up,34.172604166666666,96
2026-08-18,EE,aFRR,down,12.154166666666669,96
2026-08-18,EE,aFRR,up,0.7686458333333334,96
2026-08-18,EE,mFRR,down,12.445416666666668,96
2026-08-18,EE,mFRR,up,3.3718750000000006,96
2026-08-18,LT,aFRR,down,12.154166666666669,96
2026-08-18,LT,aFRR,up,72.913125,96
2026-08-18,LT,mFRR,down,12.445416666666668,96
2026-08-18,LT,mFRR,up,59.05458333333333,96
2026-08-18,LV,aFRR,down,12.154166666666669,96
2026-08-18,LV,aFRR,up,72.913125,96
2026-08-18,LV,mFRR,down,12.445416666666668,96
2026-08-18,LV,mFRR,up,59.05458333333333,96
2026-08-19,EE,aFRR,down,2.6551041666666664,96
2026-08-19,EE,aFRR,up,3.6353125,96
2026-08-19,EE,mFRR,down,3.278958333333333,96
2026-08-19,EE,mFRR,up,6.0328125,96
2026-08-19,LT,aFRR,down,2.641666666666667,96
2026-08-19,LT,aFRR,up,37.497708333333335,96
2026-08-19,LT,mFRR,down,3.278958333333333,96
2026-08-19,LT,mFRR,up,32.06947916666667,96
2026-08-19,LV,aFRR,down,2.641666666666667,96
2026-08-19,LV,aFRR,up,37.497708333333335,96
2026-08-19,LV,mFRR,down,3.278958333333333,96
2026-08-19,LV,mFRR,up,32.06947916666667,96
2026-08-20,EE,aFRR,down,2.551458333333333,96
2026-08-20,EE,aFRR,up,1.9866666666666664,96
2026-08-20,EE,mFRR,down,3.221770833333333,96
2026-08-20,EE,mFRR,up,2.888125,96
2026-08-20,LT,aFRR,down,2.551458333333333,96
2026-08-20,LT,aFRR,up,16.408541666666665,96
2026-08-20,LT,mFRR,down,3.221770833333333,96
2026-08-20,LT,mFRR,up,17.104375,96
2026-08-20,LV,aFRR,down,2.551458333333333,96
2026-08-20,LV,aFRR,up,16.408541666666665,96
2026-08-20,LV,mFRR,down,3.221770833333333,96
2026-08-20,LV,mFRR,up,17.104375,96
2026-08-21,EE,aFRR,down,2.5933333333333333,96
2026-08-21,EE,aFRR,up,1.0111458333333332,96
2026-08-21,EE,mFRR,down,3.047395833333333,96
2026-08-21,EE,mFRR,up,2.008125,96
2026-08-21,LT,aFRR,down,2.5504166666666666,96
2026-08-21,LT,aFRR,up,14.897291666666666,96
2026-08-21,LT,mFRR,down,3.047395833333333,96
2026-08-21,LT,mFRR,up,17.003125,96
2026-08-21,LV,aFRR,down,2.5504166666666666,96
2026-08-21,LV,aFRR,up,14.897291666666666,96
2026-08-21,LV,mFRR,down,3.047395833333333,96
2026-08-21,LV,mFRR,up,17.003125,96
2026-08-22,EE,aFRR,down,2.381145833333333,96
2026-08-22,EE,aFRR,up,2.629270833333333,96
2026-08-22,EE,mFRR,down,2.6977083333333334,96
2026-08-22,EE,mFRR,up,2.84625,96
2026-08-22,LT,aFRR,down,2.3290625000000005,96
2026-08-22,LT,aFRR,up,47.47552083333333,96
2026-08-22,LT,mFRR,down,2.6612500000000003,96
2026-08-22,LT,mFRR,up,44.44750000000001,96
2026-08-22,LV,aFRR,down,2.3290625000000005,96
2026-08-22,LV,aFRR,up,47.47552083333333,96
2026-08-22,LV,mFRR,down,2.6612500000000003,96
2026-08-22,LV,mFRR,up,44.44750000000001,96
2026-08-23,EE,aFRR,down,1.637708333333333,96
2026-08-23,EE,aFRR,up,5.930624999999999,96
2026-08-23,EE,mFRR,down,2.1001041666666667,96
2026-08-23,EE,mFRR,up,7.423020833333333,96
2026-08-23,LT,aFRR,down,1.9246875,96
2026-08-23,LT,aFRR,up,10.854791666666666,96
2026-08-23,LT,mFRR,down,2.0948958333333336,96
2026-08-23,LT,mFRR,up,12.198333333333332,96
2026-08-23,LV,aFRR,down,1.6272916666666666,96
2026-08-23,LV,aFRR,up,10.854791666666666,96
2026-08-23,LV,mFRR,down,2.0948958333333336,96
2026-08-23,LV,mFRR,up,12.198333333333332,96
2026-08-24,EE,aFRR,down,5.178020833333332,96
2026-08-24,EE,aFRR,up,1.1091666666666666,96
2026-08-24,EE,mFRR,down,5.1565625,96
2026-08-24,EE,mFRR,up,1.9184375,96
2026-08-24,LT,aFRR,down,5.178020833333332,96
2026-08-24,LT,aFRR,up,18.328437500000003,96
2026-08-24,LT,mFRR,down,5.1565625,96
2026-08-24,LT,mFRR,up,30.527604166666663,96
2026-08-24,LV,aFRR,down,5.178020833333332,96
2026-08-24,LV,aFRR,up,17.0965625,96
2026-08-24,LV,mFRR,down,5.1565625,96
2026-08-24,LV,mFRR,up,21.422083333333337,96
2026-08-25,EE,aFRR,down,21.6828125,96
2026-08-25,EE,aFRR,up,0.2991666666666666,96
2026-08-25,EE,mFRR,down,19.5828125,96
2026-08-25,EE,mFRR,up,1.9865625,96
2026-08-25,LT,aFRR,down,21.6828125,96
2026-08-25,LT,aFRR,up,57.51041666666666,96
2026-08-25,LT,mFRR,down,19.5828125,96
2026-08-25,LT,mFRR,up,53.618125,96
2026-08-25,LV,aFRR,down,21.6828125,96
2026-08-25,LV,aFRR,up,56.3853125,96
2026-08-25,LV,mFRR,down,19.5828125,96
2026-08-25,LV,mFRR,up,52.395,96
2026-08-28,EE,aFRR,down,5.833541666666666,96
2026-08-28,EE,aFRR,up,5.202708333333333,96
2026-08-28,EE,mFRR,down,5.456666666666666,96
2026-08-28,EE,mFRR,up,8.5034375,96
2026-08-28,LT,aFRR,down,5.833541666666666,96
2026-08-28,LT,aFRR,up,22.985312500000003,96
2026-08-28,LT,mFRR,down,5.456666666666666,96
2026-08-28,LT,mFRR,up,25.527395833333333,96
2026-08-28,LV,aFRR,down,5.833541666666666,96
2026-08-28,LV,aFRR,up,22.985312500000003,96
2026-08-28,LV,mFRR,down,5.456666666666666,96
2026-08-28,LV,mFRR,up,25.527395833333333,96
2026-08-29,EE,aFRR,down,1.6907291666666666,96
2026-08-29,EE,aFRR,up,1.766041666666667,96
2026-08-29,EE,mFRR,down,2.0404166666666668,96
2026-08-29,EE,mFRR,up,3.0096875,96
2026-08-29,LT,aFRR,down,1.6766666666666663,96
2026-08-29,LT,aFRR,up,28.64239583333333,96
2026-08-29,LT,mFRR,down,2.0309375000000003,96
2026-08-29,LT,mFRR,up,30.46291666666666,96
2026-08-29,LV,aFRR,down,1.6766666666666663,96
2026-08-29,LV,aFRR,up,28.64239583333333,96
2026-08-29,LV,mFRR,down,2.0309375000000003,96
2026-08-29,LV,mFRR,up,30.46291666666666,96
2026-08-30,EE,aFRR,down,8.426354166666668,96
2026-08-30,EE,aFRR,up,1.822604166666667,96
2026-08-30,EE,mFRR,down,7.475104166666667,96
2026-08-30,EE,mFRR,up,6.698541666666666,96
2026-08-30,LT,aFRR,down,8.426354166666668,96
2026-08-30,LT,aFRR,up,11.317395833333334,96
2026-08-30,LT,mFRR,down,7.475104166666667,96
2026-08-30,LT,mFRR,up,15.9,96
2026-08-30,LV,aFRR,down,8.426354166666668,96
2026-08-30,LV,aFRR,up,11.317395833333334,96
2026-08-30,LV,mFRR,down,7.475104166666667,96
2026-08-30,LV,mFRR,up,15.9,96
2026-08-31,EE,aFRR,down,5.2316666666666665,96
2026-08-31,EE,aFRR,up,2.521875,96
2026-08-31,EE,mFRR,down,5.439791666666667,96
2026-08-31,EE,mFRR,up,8.319166666666668,96
2026-08-31,LT,aFRR,down,5.2316666666666665,96
2026-08-31,LT,aFRR,up,4.136354166666667,96
2026-08-31,LT,mFRR,down,5.439791666666667,96
2026-08-31,LT,mFRR,up,9.6484375,96
2026-08-31,LV,aFRR,down,5.2316666666666665,96
2026-08-31,LV,aFRR,up,4.136354166666667,96
2026-08-31,LV,mFRR,down,5.439791666666667,96
2026-08-31,LV,mFRR,up,9.6484375,96
2026-09-01,EE,aFRR,down,7.6609375,96
2026-09-01,EE,aFRR,up,3.6375000000000006,96
2026-09-01,EE,mFRR,down,7.071041666666667,96
2026-09-01,EE,mFRR,up,4.511979166666667,96
2026-09-01,LT,aFRR,down,7.6609375,96
2026-09-01,LT,aFRR,up,29.48302083333333,96
2026-09-01,LT,mFRR,down,7.071041666666667,96
2026-09-01,LT,mFRR,up,32.30322916666667,96
2026-09-01,LV,aFRR,down,7.6609375,96
2026-09-01,LV,aFRR,up,29.48302083333333,96
2026-09-01,LV,mFRR,down,7.071041666666667,96
2026-09-01,LV,mFRR,up,32.30322916666667,96
2026-09-02,EE,aFRR,down,4.071979166666667,96
2026-09-02,EE,aFRR,up,1.6314583333333337,96
2026-09-02,EE,mFRR,down,4.386354166666667,96
2026-09-02,EE,mFRR,up,4.2946875,96
2026-09-02,LT,aFRR,down,4.071979166666667,96
2026-09-02,LT,aFRR,up,13.007291666666667,96
2026-09-02,LT,mFRR,down,4.386354166666667,96
2026-09-02,LT,mFRR,up,17.05375,96
2026-09-02,LV,aFRR,down,4.071979166666667,96
2026-09-02,LV,aFRR,up,13.007291666666667,96
2026-09-02,LV,mFRR,down,4.386354166666667,96
2026-09-02,LV,mFRR,up,17.05375,96
2026-09-03,EE,aFRR,down,4.906041666666667,96
2026-09-03,EE,aFRR,up,1.6951041666666669,96
2026-09-03,EE,mFRR,down,4.923020833333333,96
2026-09-03,EE,mFRR,up,2.392916666666667,96
2026-09-03,LT,aFRR,down,4.906041666666667,96
2026-09-03,LT,aFRR,up,12.167708333333332,96
2026-09-03,LT,mFRR,down,4.923020833333333,96
2026-09-03,LT,mFRR,up,12.633854166666667,96
2026-09-03,LV,aFRR,down,4.906041666666667,96
2026-09-03,LV,aFRR,up,12.167708333333332,96
2026-09-03,LV,mFRR,down,4.923020833333333,96
2026-09-03,LV,mFRR,up,12.633854166666667,96
2026-09-04,EE,aFRR,down,3.7266666666666666,96
2026-09-04,EE,aFRR,up,1.426875,96
2026-09-04,EE,mFRR,down,4.376979166666668,96
2026-09-04,EE,mFRR,up,1.7798958333333337,96
2026-09-04,LT,aFRR,down,3.7266666666666666,96
2026-09-04,LT,aFRR,up,14.270729166666667,96
2026-09-04,LT,mFRR,down,4.376979166666668,96
2026-09-04,LT,mFRR,up,18.660729166666663,96
2026-09-04,LV,aFRR,down,3.7266666666666666,96
2026-09-04,LV,aFRR,up,14.270729166666667,96
2026-09-04,LV,mFRR,down,4.376979166666668,96
2026-09-04,LV,mFRR,up,18.660729166666663,96
2026-09-07,EE,aFRR,down,3.5203125,96
2026-09-07,EE,aFRR,up,1.862083333333333,96
2026-09-07,EE,mFRR,down,3.6579166666666665,96
2026-09-07,EE,mFRR,up,3.802395833333334,96
2026-09-07,LT,aFRR,down,3.5203125,96
2026-09-07,LT,aFRR,up,12.003645833333332,96
2026-09-07,LT,mFRR,down,3.6579166666666665,96
2026-09-07,LT,mFRR,up,18.866041666666664,96
2026-09-07,LV,aFRR,down,3.5203125,96
2026-09-07,LV,aFRR,up,12.003645833333332,96
2026-09-07,LV,mFRR,down,3.6579166666666665,96
2026-09-07,LV,mFRR,up,18.866041666666664,96
2026-09-08,EE,aFRR,down,3.9415625,96
2026-09-08,EE,aFRR,up,0.4398958333333334,96
2026-09-08,EE,mFRR,down,4.213229166666667,96
2026-09-08,EE,mFRR,up,0.5365625,96
2026-09-08,LT,aFRR,down,3.9415625,96
2026-09-08,LT,aFRR,up,31.260729166666675,96
2026-09-08,LT,mFRR,down,4.213229166666667,96
2026-09-08,LT,mFRR,up,33.24614583333334,96
2026-09-08,LV,aFRR,down,3.9415625,96
2026-09-08,LV,aFRR,up,31.260729166666675,96
2026-09-08,LV,mFRR,down,4.213229166666667,96
2026-09-08,LV,mFRR,up,33.24614583333334,96
2026-09-09,EE,aFRR,down,2.2215625,96
2026-09-09,EE,aFRR,up,2.9292708333333337,96
2026-09-09,EE,mFRR,down,2.301979166666667,96
2026-09-09,EE,mFRR,up,3.398333333333333,96
2026-09-09,LT,aFRR,down,2.2215625,96
2026-09-09,LT,aFRR,up,12.062708333333331,96
2026-09-09,LT,mFRR,down,2.301979166666667,96
2026-09-09,LT,mFRR,up,13.551041666666668,96
2026-09-09,LV,aFRR,down,2.2215625,96
2026-09-09,LV,aFRR,up,12.062708333333331,96
2026-09-09,LV,mFRR,down,2.301979166666667,96
2026-09-09,LV,mFRR,up,13.551041666666668,96
2026-09-10,EE,aFRR,down,1.5096875,96
2026-09-10,EE,aFRR,up,5.715520833333334,96
2026-09-10,EE,mFRR,down,1.6748958333333335,96
2026-09-10,EE,mFRR,up,6.606041666666667,96
2026-09-10,LT,aFRR,down,1.5594791666666665,96
2026-09-10,LT,aFRR,up,9.716458333333334,96
2026-09-10,LT,mFRR,down,1.7829166666666667,96
2026-09-10,LT,mFRR,up,10.794583333333335,96
2026-09-10,LV,aFRR,down,1.5594791666666665,96
2026-09-10,LV,aFRR,up,9.716458333333334,96
2026-09-10,LV,mFRR,down,1.7829166666666667,96
2026-09-10,LV,mFRR,up,10.794583333333335,96
2026-09-11,EE,aFRR,down,1.4671875000000003,96
2026-09-11,EE,aFRR,up,4.272916666666666,96
2026-09-11,EE,mFRR,down,1.69125,96
2026-09-11,EE,mFRR,up,4.373020833333333,96
2026-09-11,LT,aFRR,down,1.2980208333333334,96
2026-09-11,LT,aFRR,up,6.987395833333333,96
2026-09-11,LT,mFRR,down,1.51875,96
2026-09-11,LT,mFRR,up,7.055416666666666,96
2026-09-11,LV,aFRR,down,1.2980208333333334,96
2026-09-11,LV,aFRR,up,6.987395833333333,96
2026-09-11,LV,mFRR,down,1.51875,96
2026-09-11,LV,mFRR,up,7.055416666666666,96
2026-09-12,EE,aFRR,down,1.9792708333333333,96
2026-09-12,EE,aFRR,up,4.0159375,96
2026-09-12,EE,mFRR,down,2.012916666666667,96
2026-09-12,EE,mFRR,up,5.061041666666666,96
2026-09-12,LT,aFRR,down,1.9752083333333335,96
2026-09-12,LT,aFRR,up,9.522291666666666,96
2026-09-12,LT,mFRR,down,1.9947916666666667,96
2026-09-12,LT,mFRR,up,12.665833333333333,96
2026-09-12,LV,aFRR,down,1.9752083333333335,96
2026-09-12,LV,aFRR,up,9.522291666666666,96
2026-09-12,LV,mFRR,down,1.9947916666666667,96
2026-09-12,LV,mFRR,up,12.665833333333333,96
